"Name","Platform","Compiles","CompilesDouble","Uses","UsesDouble","PermutationString"
"Globals","0","33","0","0","0",""
"/ControlRig/Controls/ControlRigGizmoMaterial.ControlRigGizmoMaterial","0","2","0","2","2","Compiling ControlRigGizmoMaterial: Platform=PCD3D_SM5, Usage=LightingModel=MSM_Unlit, BlendMode=BLEND_Opaque, SpecialEngine=0, TwoSided=0, TSNormal=1, Masked=0, Distorted=0, WritesEveryPixel=1, ModifiesMeshPosition=0, Usage={}"
"/Engine/EngineMaterials/DefaultLightFunctionMaterial.DefaultLightFunctionMaterial","0","25","0","25","25","Compiling DefaultLightFunctionMaterial: Platform=PCD3D_SM5, Usage=LightingModel=MSM_Unlit, BlendMode=BLEND_Opaque, SpecialEngine=0, TwoSided=0, TSNormal=1, Masked=0, Distorted=0, WritesEveryPixel=1, ModifiesMeshPosition=0, Usage={}"
"/Engine/EngineSky/VolumetricClouds/m_SimpleVolumetricCloud.m_SimpleVolumetricCloud","0","88","0","88","88","Compiling m_SimpleVolumetricCloud: Platform=PCD3D_SM5, Usage=LightingModel=MSM_DefaultLit, BlendMode=BLEND_Additive, SpecialEngine=0, TwoSided=0, TSNormal=1, Masked=0, Distorted=0, WritesEveryPixel=1, ModifiesMeshPosition=0, Usage={bUsedWithVolumetricCloud}, StaticSwitch'UseNoise32-1'=False"
"/Game/Models/Mat_Drone.Mat_Drone","0","3","0","3","3","Compiling Mat_Drone: Platform=PCD3D_SM5, Usage=LightingModel=MSM_DefaultLit, BlendMode=BLEND_Opaque, SpecialEngine=0, TwoSided=0, TSNormal=1, Masked=0, Distorted=0, WritesEveryPixel=1, ModifiesMeshPosition=0, Usage={}"
"/Paper2D/DefaultSpriteMaterial.DefaultSpriteMaterial","0","10","0","12","12","Compiling DefaultSpriteMaterial: Platform=PCD3D_SM5, Usage=LightingModel=MSM_Unlit, BlendMode=BLEND_Opaque, SpecialEngine=0, TwoSided=1, TSNormal=1, Masked=0, Distorted=0, WritesEveryPixel=1, ModifiesMeshPosition=0, Usage={bUsedWithNiagaraSprites}"
"/Paper2D/DefaultSpriteMaterial.DefaultSpriteMaterial","0","26","0","30","30","Compiling DefaultSpriteMaterial: Platform=PCD3D_SM5, Usage=LightingModel=MSM_Unlit, BlendMode=BLEND_Masked, SpecialEngine=0, TwoSided=1, TSNormal=1, Masked=1, Distorted=0, WritesEveryPixel=0, ModifiesMeshPosition=0, Usage={bUsedWithNiagaraSprites}"
"/Engine/EngineMaterials/Widget3DPassThrough.Widget3DPassThrough","0","13","0","15","15","Compiling Widget3DPassThrough: Platform=PCD3D_SM5, Usage=LightingModel=MSM_Unlit, BlendMode=BLEND_Masked, SpecialEngine=0, TwoSided=1, TSNormal=1, Masked=1, Distorted=0, WritesEveryPixel=0, ModifiesMeshPosition=0, Usage={}"
"/Engine/EngineMaterials/Widget3DPassThrough.Widget3DPassThrough","0","5","0","6","6","Compiling Widget3DPassThrough: Platform=PCD3D_SM5, Usage=LightingModel=MSM_Unlit, BlendMode=BLEND_Opaque, SpecialEngine=0, TwoSided=1, TSNormal=1, Masked=0, Distorted=0, WritesEveryPixel=1, ModifiesMeshPosition=0, Usage={}"
"/Engine/EngineMaterials/Widget3DPassThrough.Widget3DPassThrough","0","5","0","5","5","Compiling Widget3DPassThrough: Platform=PCD3D_SM5, Usage=LightingModel=MSM_Unlit, BlendMode=BLEND_Translucent, SpecialEngine=0, TwoSided=1, TSNormal=1, Masked=0, Distorted=0, WritesEveryPixel=1, ModifiesMeshPosition=0, Usage={}"
"/Engine/EngineMaterials/Widget3DPassThrough.Widget3DPassThrough","0","13","0","15","15","Compiling Widget3DPassThrough: Platform=PCD3D_SM5, Usage=LightingModel=MSM_Unlit, BlendMode=BLEND_Masked, SpecialEngine=0, TwoSided=0, TSNormal=1, Masked=1, Distorted=0, WritesEveryPixel=0, ModifiesMeshPosition=0, Usage={}"
"/Engine/EngineMaterials/Widget3DPassThrough.Widget3DPassThrough","0","2","0","2","2","Compiling Widget3DPassThrough: Platform=PCD3D_SM5, Usage=LightingModel=MSM_Unlit, BlendMode=BLEND_Opaque, SpecialEngine=0, TwoSided=0, TSNormal=1, Masked=0, Distorted=0, WritesEveryPixel=1, ModifiesMeshPosition=0, Usage={}"
"/Engine/EngineMaterials/Widget3DPassThrough.Widget3DPassThrough","0","3","0","3","3","Compiling Widget3DPassThrough: Platform=PCD3D_SM5, Usage=LightingModel=MSM_Unlit, BlendMode=BLEND_Translucent, SpecialEngine=0, TwoSided=0, TSNormal=1, Masked=0, Distorted=0, WritesEveryPixel=1, ModifiesMeshPosition=0, Usage={}"
"/Engine/VREditor/SnapGrid/SnapGridMaterial.SnapGridMaterial","0","10","0","10","10","Compiling SnapGridMaterial: Platform=PCD3D_SM5, Usage=LightingModel=MSM_Unlit, BlendMode=BLEND_Translucent, SpecialEngine=0, TwoSided=1, TSNormal=1, Masked=0, Distorted=0, WritesEveryPixel=1, ModifiesMeshPosition=0, Usage={bUsedWithStaticLighting,bUsedWithSplineMeshes}"
"/AudioWidgets/AudioMaterialSlate/M_AudioMaterialMeter.M_AudioMaterialMeter","0","13","0","13","13","Compiling M_AudioMaterialMeter: Platform=PCD3D_SM5, Usage=LightingModel=MSM_Unlit, BlendMode=BLEND_Translucent, SpecialEngine=0, TwoSided=0, TSNormal=1, Masked=0, Distorted=0, WritesEveryPixel=1, ModifiesMeshPosition=0, Usage={}"
"/AudioWidgets/AudioMaterialSlate/M_AudioMaterialRoundedSlider.M_AudioMaterialRoundedSlider","0","23","0","25","25","Compiling M_AudioMaterialRoundedSlider: Platform=PCD3D_SM5, Usage=LightingModel=MSM_Unlit, BlendMode=BLEND_Masked, SpecialEngine=0, TwoSided=0, TSNormal=1, Masked=1, Distorted=0, WritesEveryPixel=0, ModifiesMeshPosition=0, Usage={}"
"/AudioWidgets/AudioMaterialSlate/M_AudioMaterialEnvelope_ADSR.M_AudioMaterialEnvelope_ADSR","0","23","0","25","25","Compiling M_AudioMaterialEnvelope_ADSR: Platform=PCD3D_SM5, Usage=LightingModel=MSM_Unlit, BlendMode=BLEND_Masked, SpecialEngine=0, TwoSided=0, TSNormal=1, Masked=1, Distorted=0, WritesEveryPixel=0, ModifiesMeshPosition=0, Usage={}"
"/AudioWidgets/AudioMaterialSlate/M_AudioMaterialKnob.M_AudioMaterialKnob","0","13","0","13","13","Compiling M_AudioMaterialKnob: Platform=PCD3D_SM5, Usage=LightingModel=MSM_Unlit, BlendMode=BLEND_Translucent, SpecialEngine=0, TwoSided=0, TSNormal=1, Masked=0, Distorted=0, WritesEveryPixel=1, ModifiesMeshPosition=0, Usage={}, StaticSwitch'Use V2-1'=False"
"/AudioWidgets/AudioMaterialSlate/M_AudioMaterialToggleButton.M_AudioMaterialToggleButton","0","13","0","13","13","Compiling M_AudioMaterialToggleButton: Platform=PCD3D_SM5, Usage=LightingModel=MSM_Unlit, BlendMode=BLEND_Translucent, SpecialEngine=0, TwoSided=0, TSNormal=1, Masked=0, Distorted=0, WritesEveryPixel=1, ModifiesMeshPosition=0, Usage={}, StaticSwitch'Use V2-1'=False, StaticSwitch'Use V (B)2-1'=False"
"/Engine/EngineMaterials/DefaultPostProcessMaterial.DefaultPostProcessMaterial","0","7","0","7","7","Compiling DefaultPostProcessMaterial: Platform=PCD3D_SM5, Usage=LightingModel=MSM_Unlit, BlendMode=BLEND_Opaque, SpecialEngine=0, TwoSided=0, TSNormal=1, Masked=0, Distorted=0, WritesEveryPixel=1, ModifiesMeshPosition=0, Usage={bUsedWithSkeletalMesh,bUsedWithStaticLighting}"
"/Engine/EngineMaterials/DefaultDeferredDecalMaterial.DefaultDeferredDecalMaterial","0","33","0","33","33","Compiling DefaultDeferredDecalMaterial: Platform=PCD3D_SM5, Usage=LightingModel=MSM_DefaultLit, BlendMode=BLEND_Translucent, SpecialEngine=0, TwoSided=0, TSNormal=1, Masked=0, Distorted=0, WritesEveryPixel=1, ModifiesMeshPosition=0, Usage={bUsedWithSkeletalMesh,bUsedWithStaticLighting,bUsedWithSplineMeshes}"
"/Engine/EditorMaterials/PhAT_UnselectedMaterial.PhAT_UnselectedMaterial","0","3","0","3","3","Compiling PhAT_UnselectedMaterial: Platform=PCD3D_SM5, Usage=LightingModel=MSM_Unlit, BlendMode=BLEND_Translucent, SpecialEngine=0, TwoSided=0, TSNormal=1, Masked=0, Distorted=0, WritesEveryPixel=1, ModifiesMeshPosition=0, Usage={}"
"/Engine/EditorMaterials/PhAT_NoCollisionMaterial.PhAT_NoCollisionMaterial","0","3","0","3","3","Compiling PhAT_NoCollisionMaterial: Platform=PCD3D_SM5, Usage=LightingModel=MSM_Unlit, BlendMode=BLEND_Translucent, SpecialEngine=0, TwoSided=0, TSNormal=1, Masked=0, Distorted=0, WritesEveryPixel=1, ModifiesMeshPosition=0, Usage={}"
"/MeshModelingToolset/Materials/M_DynamicMeshComponentVtxColor.M_DynamicMeshComponentVtxColor","0","7","0","9","9","Compiling M_DynamicMeshComponentVtxColor: Platform=PCD3D_SM5, Usage=LightingModel=MSM_DefaultLit, BlendMode=BLEND_Opaque, SpecialEngine=0, TwoSided=1, TSNormal=1, Masked=0, Distorted=0, WritesEveryPixel=1, ModifiesMeshPosition=0, Usage={}"
"/Engine/EngineMaterials/GizmoMaterial.GizmoMaterial","0","5","0","6","6","Compiling GizmoMaterial: Platform=PCD3D_SM5, Usage=LightingModel=MSM_Unlit, BlendMode=BLEND_Opaque, SpecialEngine=0, TwoSided=1, TSNormal=1, Masked=0, Distorted=0, WritesEveryPixel=1, ModifiesMeshPosition=0, Usage={}"
"/Engine/EngineMaterials/NaniteHiddenSectionMaterial.NaniteHiddenSectionMaterial","0","12","0","14","14","Compiling NaniteHiddenSectionMaterial: Platform=PCD3D_SM5, Usage=LightingModel=MSM_DefaultLit, BlendMode=BLEND_Opaque, SpecialEngine=0, TwoSided=1, TSNormal=1, Masked=0, Distorted=0, WritesEveryPixel=1, ModifiesMeshPosition=1, Usage={}"
"/Engine/EngineMaterials/WorldGridMaterial.WorldGridMaterial","0","333","0","356","356","Compiling WorldGridMaterial: Platform=PCD3D_SM5, Usage=LightingModel=MSM_DefaultLit, BlendMode=BLEND_Opaque, SpecialEngine=1, TwoSided=0, TSNormal=1, Masked=0, Distorted=0, WritesEveryPixel=1, ModifiesMeshPosition=0, Usage={}"
"/Engine/EngineMaterials/DefaultTextMaterialOpaque.DefaultTextMaterialOpaque","0","14","0","16","16","Compiling DefaultTextMaterialOpaque: Platform=PCD3D_SM5, Usage=LightingModel=MSM_DefaultLit, BlendMode=BLEND_Masked, SpecialEngine=0, TwoSided=1, TSNormal=1, Masked=1, Distorted=0, WritesEveryPixel=0, ModifiesMeshPosition=0, Usage={}"
"/Engine/EngineDebugMaterials/DebugEditorMaterial.DebugEditorMaterial","0","5","0","6","6","Compiling DebugEditorMaterial: Platform=PCD3D_SM5, Usage=LightingModel=MSM_Unlit, BlendMode=BLEND_Opaque, SpecialEngine=0, TwoSided=1, TSNormal=1, Masked=0, Distorted=0, WritesEveryPixel=1, ModifiesMeshPosition=0, Usage={}"
"/Engine/EngineSky/M_SimpleSkyDome.M_SimpleSkyDome","0","2","0","2","2","Compiling M_SimpleSkyDome: Platform=PCD3D_SM5, Usage=LightingModel=MSM_Unlit, BlendMode=BLEND_Opaque, SpecialEngine=0, TwoSided=0, TSNormal=1, Masked=0, Distorted=0, WritesEveryPixel=1, ModifiesMeshPosition=0, Usage={}"
"/Engine/VREditor/TransformGizmo/TransformGizmoMaterial.TransformGizmoMaterial","0","2","0","2","2","Compiling TransformGizmoMaterial: Platform=PCD3D_SM5, Usage=LightingModel=MSM_Unlit, BlendMode=BLEND_Opaque, SpecialEngine=0, TwoSided=0, TSNormal=1, Masked=0, Distorted=0, WritesEveryPixel=1, ModifiesMeshPosition=0, Usage={}"
"/HairStrands/Materials/HairDebugMaterial.HairDebugMaterial","0","57","0","63","63","Compiling HairDebugMaterial: Platform=PCD3D_SM5, Usage=LightingModel=MSM_DefaultLit|MSM_Hair, BlendMode=BLEND_Masked, SpecialEngine=0, TwoSided=1, TSNormal=1, Masked=1, Distorted=0, WritesEveryPixel=0, ModifiesMeshPosition=0, Usage={bUsedWithHairStrands}"
"/Engine/OpenWorldTemplate/LandscapeMaterial/M_ProcGrid.M_ProcGrid","0","3","0","3","3","Compiling M_ProcGrid: Platform=PCD3D_SM5, Usage=LightingModel=MSM_DefaultLit, BlendMode=BLEND_Opaque, SpecialEngine=0, TwoSided=0, TSNormal=1, Masked=0, Distorted=0, WritesEveryPixel=1, ModifiesMeshPosition=0, Usage={bUsedWithNanite}, StaticSwitch'Enable Side Tint2-1'=False, StaticSwitch'ObjectAligned2-1'=True, StaticSwitch'Tri-Planar (Or Uni-Planar)2-1'=True, StaticSwitch'Water Level Tint2-1'=False"
"/Engine/OpenWorldTemplate/LandscapeMaterial/M_ProcGrid.M_ProcGrid","0","3","0","3","3","Compiling M_ProcGrid: Platform=PCD3D_SM5, Usage=LightingModel=MSM_DefaultLit, BlendMode=BLEND_Opaque, SpecialEngine=0, TwoSided=0, TSNormal=1, Masked=0, Distorted=0, WritesEveryPixel=1, ModifiesMeshPosition=0, Usage={bUsedWithNanite}, StaticSwitch'Enable Side Tint2-1'=True, StaticSwitch'ObjectAligned2-1'=False, StaticSwitch'Tri-Planar (Or Uni-Planar)2-1'=False, StaticSwitch'Water Level Tint2-1'=True"
"/InterchangeAssets/gltf/M_Unlit.M_Unlit","0","6","0","6","6","Compiling M_Unlit: Platform=PCD3D_SM5, Usage=LightingModel=MSM_Unlit, BlendMode=BLEND_Translucent, SpecialEngine=0, TwoSided=0, TSNormal=1, Masked=0, Distorted=0, WritesEveryPixel=1, ModifiesMeshPosition=0, Usage={bUsedWithSkeletalMesh,bUsedWithNanite}, StaticSwitch'bHasBaseColorTexture2-1'=True"
"/InterchangeAssets/gltf/M_Unlit.M_Unlit","0","10","0","12","12","Compiling M_Unlit: Platform=PCD3D_SM5, Usage=LightingModel=MSM_Unlit, BlendMode=BLEND_Opaque, SpecialEngine=0, TwoSided=1, TSNormal=1, Masked=0, Distorted=0, WritesEveryPixel=1, ModifiesMeshPosition=0, Usage={bUsedWithSkeletalMesh,bUsedWithNanite}, StaticSwitch'bHasBaseColorTexture2-1'=True"
"/InterchangeAssets/gltf/M_Unlit.M_Unlit","0","10","0","10","10","Compiling M_Unlit: Platform=PCD3D_SM5, Usage=LightingModel=MSM_Unlit, BlendMode=BLEND_Translucent, SpecialEngine=0, TwoSided=1, TSNormal=1, Masked=0, Distorted=0, WritesEveryPixel=1, ModifiesMeshPosition=0, Usage={bUsedWithSkeletalMesh,bUsedWithNanite}, StaticSwitch'bHasBaseColorTexture2-1'=True"
"/InterchangeAssets/gltf/M_Unlit.M_Unlit","0","4","0","4","4","Compiling M_Unlit: Platform=PCD3D_SM5, Usage=LightingModel=MSM_Unlit, BlendMode=BLEND_Opaque, SpecialEngine=0, TwoSided=0, TSNormal=1, Masked=0, Distorted=0, WritesEveryPixel=1, ModifiesMeshPosition=0, Usage={bUsedWithSkeletalMesh,bUsedWithNanite}, StaticSwitch'bHasBaseColorTexture2-1'=True"
"/InterchangeAssets/gltf/M_Unlit.M_Unlit","0","26","0","30","30","Compiling M_Unlit: Platform=PCD3D_SM5, Usage=LightingModel=MSM_Unlit, BlendMode=BLEND_Masked, SpecialEngine=0, TwoSided=0, TSNormal=1, Masked=1, Distorted=0, WritesEveryPixel=0, ModifiesMeshPosition=0, Usage={bUsedWithSkeletalMesh,bUsedWithNanite}, StaticSwitch'bHasBaseColorTexture2-1'=True"
"/InterchangeAssets/gltf/M_Unlit.M_Unlit","0","26","0","30","30","Compiling M_Unlit: Platform=PCD3D_SM5, Usage=LightingModel=MSM_Unlit, BlendMode=BLEND_Masked, SpecialEngine=0, TwoSided=1, TSNormal=1, Masked=1, Distorted=0, WritesEveryPixel=0, ModifiesMeshPosition=0, Usage={bUsedWithSkeletalMesh,bUsedWithNanite}, StaticSwitch'bHasBaseColorTexture2-1'=True"
"/InterchangeAssets/gltf/M_ClearCoat.M_ClearCoat","0","16","0","16","16","Compiling M_ClearCoat: Platform=PCD3D_SM5, Usage=LightingModel=MSM_ClearCoat, BlendMode=BLEND_Translucent, SpecialEngine=0, TwoSided=1, TSNormal=1, Masked=0, Distorted=0, WritesEveryPixel=1, ModifiesMeshPosition=0, Usage={bUsedWithSkeletalMesh}, StaticSwitch'bHasAnisotropyTexture2-1'=True, StaticSwitch'bHasBaseColorTexture2-1'=True, StaticSwitch'bHasClearCoatTexture2-1'=True, StaticSwitch'bHasEmissiveTexture2-1'=True, StaticSwitch'bHasIridescence2-1'=True, StaticSwitch'bHasMetallicRoughnessTexture2-1'=True, StaticSwitch'bHasNormalTexture2-1'=True, StaticSwitch'bHasOcclusionTexture2-1'=True, StaticSwitch'bHasSpecularTexture2-1'=True"
"/InterchangeAssets/gltf/M_ClearCoat.M_ClearCoat","0","30","0","36","36","Compiling M_ClearCoat: Platform=PCD3D_SM5, Usage=LightingModel=MSM_ClearCoat, BlendMode=BLEND_Masked, SpecialEngine=0, TwoSided=0, TSNormal=1, Masked=1, Distorted=0, WritesEveryPixel=0, ModifiesMeshPosition=0, Usage={bUsedWithSkeletalMesh}, StaticSwitch'bHasAnisotropyTexture2-1'=True, StaticSwitch'bHasBaseColorTexture2-1'=True, StaticSwitch'bHasClearCoatTexture2-1'=True, StaticSwitch'bHasEmissiveTexture2-1'=True, StaticSwitch'bHasIridescence2-1'=True, StaticSwitch'bHasMetallicRoughnessTexture2-1'=True, StaticSwitch'bHasNormalTexture2-1'=True, StaticSwitch'bHasOcclusionTexture2-1'=True, StaticSwitch'bHasSpecularTexture2-1'=True"
"/InterchangeAssets/gltf/M_ClearCoat.M_ClearCoat","0","12","0","12","12","Compiling M_ClearCoat: Platform=PCD3D_SM5, Usage=LightingModel=MSM_ClearCoat, BlendMode=BLEND_Translucent, SpecialEngine=0, TwoSided=0, TSNormal=1, Masked=0, Distorted=0, WritesEveryPixel=1, ModifiesMeshPosition=0, Usage={bUsedWithSkeletalMesh}, StaticSwitch'bHasAnisotropyTexture2-1'=True, StaticSwitch'bHasBaseColorTexture2-1'=True, StaticSwitch'bHasClearCoatTexture2-1'=True, StaticSwitch'bHasEmissiveTexture2-1'=True, StaticSwitch'bHasIridescence2-1'=True, StaticSwitch'bHasMetallicRoughnessTexture2-1'=True, StaticSwitch'bHasNormalTexture2-1'=True, StaticSwitch'bHasOcclusionTexture2-1'=True, StaticSwitch'bHasSpecularTexture2-1'=True"
"/InterchangeAssets/gltf/M_ClearCoat.M_ClearCoat","0","30","0","36","36","Compiling M_ClearCoat: Platform=PCD3D_SM5, Usage=LightingModel=MSM_ClearCoat, BlendMode=BLEND_Masked, SpecialEngine=0, TwoSided=1, TSNormal=1, Masked=1, Distorted=0, WritesEveryPixel=0, ModifiesMeshPosition=0, Usage={bUsedWithSkeletalMesh}, StaticSwitch'bHasAnisotropyTexture2-1'=True, StaticSwitch'bHasBaseColorTexture2-1'=True, StaticSwitch'bHasClearCoatTexture2-1'=True, StaticSwitch'bHasEmissiveTexture2-1'=True, StaticSwitch'bHasIridescence2-1'=True, StaticSwitch'bHasMetallicRoughnessTexture2-1'=True, StaticSwitch'bHasNormalTexture2-1'=True, StaticSwitch'bHasOcclusionTexture2-1'=True, StaticSwitch'bHasSpecularTexture2-1'=True"
"/InterchangeAssets/gltf/M_ClearCoat.M_ClearCoat","0","8","0","10","10","Compiling M_ClearCoat: Platform=PCD3D_SM5, Usage=LightingModel=MSM_ClearCoat, BlendMode=BLEND_Opaque, SpecialEngine=0, TwoSided=0, TSNormal=1, Masked=0, Distorted=0, WritesEveryPixel=1, ModifiesMeshPosition=0, Usage={bUsedWithSkeletalMesh}, StaticSwitch'bHasAnisotropyTexture2-1'=True, StaticSwitch'bHasBaseColorTexture2-1'=True, StaticSwitch'bHasClearCoatTexture2-1'=True, StaticSwitch'bHasEmissiveTexture2-1'=True, StaticSwitch'bHasIridescence2-1'=True, StaticSwitch'bHasMetallicRoughnessTexture2-1'=True, StaticSwitch'bHasNormalTexture2-1'=True, StaticSwitch'bHasOcclusionTexture2-1'=True, StaticSwitch'bHasSpecularTexture2-1'=True"
"/InterchangeAssets/gltf/M_ClearCoat.M_ClearCoat","0","14","0","18","18","Compiling M_ClearCoat: Platform=PCD3D_SM5, Usage=LightingModel=MSM_ClearCoat, BlendMode=BLEND_Opaque, SpecialEngine=0, TwoSided=1, TSNormal=1, Masked=0, Distorted=0, WritesEveryPixel=1, ModifiesMeshPosition=0, Usage={bUsedWithSkeletalMesh}, StaticSwitch'bHasAnisotropyTexture2-1'=True, StaticSwitch'bHasBaseColorTexture2-1'=True, StaticSwitch'bHasClearCoatTexture2-1'=True, StaticSwitch'bHasEmissiveTexture2-1'=True, StaticSwitch'bHasIridescence2-1'=True, StaticSwitch'bHasMetallicRoughnessTexture2-1'=True, StaticSwitch'bHasNormalTexture2-1'=True, StaticSwitch'bHasOcclusionTexture2-1'=True, StaticSwitch'bHasSpecularTexture2-1'=True"
"/InterchangeAssets/gltf/M_Sheen.M_Sheen","0","28","0","32","32","Compiling M_Sheen: Platform=PCD3D_SM5, Usage=LightingModel=MSM_Cloth, BlendMode=BLEND_Masked, SpecialEngine=0, TwoSided=1, TSNormal=1, Masked=1, Distorted=0, WritesEveryPixel=0, ModifiesMeshPosition=0, Usage={bUsedWithSkeletalMesh}, StaticSwitch'bHasAnisotropyTexture2-1'=True, StaticSwitch'bHasBaseColorTexture2-1'=True, StaticSwitch'bHasEmissiveTexture2-1'=True, StaticSwitch'bHasIridescence2-1'=True, StaticSwitch'bHasMetallicRoughnessTexture2-1'=True, StaticSwitch'bHasNormalTexture2-1'=True, StaticSwitch'bHasOcclusionTexture2-1'=True, StaticSwitch'bHasSheenTexture2-1'=True, StaticSwitch'bHasSpecularTexture2-1'=True"
"/InterchangeAssets/gltf/M_Sheen.M_Sheen","0","16","0","16","16","Compiling M_Sheen: Platform=PCD3D_SM5, Usage=LightingModel=MSM_Cloth, BlendMode=BLEND_Translucent, SpecialEngine=0, TwoSided=1, TSNormal=1, Masked=0, Distorted=0, WritesEveryPixel=1, ModifiesMeshPosition=0, Usage={bUsedWithSkeletalMesh}, StaticSwitch'bHasAnisotropyTexture2-1'=True, StaticSwitch'bHasBaseColorTexture2-1'=True, StaticSwitch'bHasEmissiveTexture2-1'=True, StaticSwitch'bHasIridescence2-1'=True, StaticSwitch'bHasMetallicRoughnessTexture2-1'=True, StaticSwitch'bHasNormalTexture2-1'=True, StaticSwitch'bHasOcclusionTexture2-1'=True, StaticSwitch'bHasSheenTexture2-1'=True, StaticSwitch'bHasSpecularTexture2-1'=True"
"/InterchangeAssets/gltf/M_Sheen.M_Sheen","0","6","0","6","6","Compiling M_Sheen: Platform=PCD3D_SM5, Usage=LightingModel=MSM_Cloth, BlendMode=BLEND_Opaque, SpecialEngine=0, TwoSided=0, TSNormal=1, Masked=0, Distorted=0, WritesEveryPixel=1, ModifiesMeshPosition=0, Usage={bUsedWithSkeletalMesh}, StaticSwitch'bHasAnisotropyTexture2-1'=True, StaticSwitch'bHasBaseColorTexture2-1'=True, StaticSwitch'bHasEmissiveTexture2-1'=True, StaticSwitch'bHasIridescence2-1'=True, StaticSwitch'bHasMetallicRoughnessTexture2-1'=True, StaticSwitch'bHasNormalTexture2-1'=True, StaticSwitch'bHasOcclusionTexture2-1'=True, StaticSwitch'bHasSheenTexture2-1'=True, StaticSwitch'bHasSpecularTexture2-1'=True"
"/InterchangeAssets/gltf/M_Sheen.M_Sheen","0","28","0","32","32","Compiling M_Sheen: Platform=PCD3D_SM5, Usage=LightingModel=MSM_Cloth, BlendMode=BLEND_Masked, SpecialEngine=0, TwoSided=0, TSNormal=1, Masked=1, Distorted=0, WritesEveryPixel=0, ModifiesMeshPosition=0, Usage={bUsedWithSkeletalMesh}, StaticSwitch'bHasAnisotropyTexture2-1'=True, StaticSwitch'bHasBaseColorTexture2-1'=True, StaticSwitch'bHasEmissiveTexture2-1'=True, StaticSwitch'bHasIridescence2-1'=True, StaticSwitch'bHasMetallicRoughnessTexture2-1'=True, StaticSwitch'bHasNormalTexture2-1'=True, StaticSwitch'bHasOcclusionTexture2-1'=True, StaticSwitch'bHasSheenTexture2-1'=True, StaticSwitch'bHasSpecularTexture2-1'=True"
"/InterchangeAssets/gltf/M_Sheen.M_Sheen","0","12","0","12","12","Compiling M_Sheen: Platform=PCD3D_SM5, Usage=LightingModel=MSM_Cloth, BlendMode=BLEND_Translucent, SpecialEngine=0, TwoSided=0, TSNormal=1, Masked=0, Distorted=0, WritesEveryPixel=1, ModifiesMeshPosition=0, Usage={bUsedWithSkeletalMesh}, StaticSwitch'bHasAnisotropyTexture2-1'=True, StaticSwitch'bHasBaseColorTexture2-1'=True, StaticSwitch'bHasEmissiveTexture2-1'=True, StaticSwitch'bHasIridescence2-1'=True, StaticSwitch'bHasMetallicRoughnessTexture2-1'=True, StaticSwitch'bHasNormalTexture2-1'=True, StaticSwitch'bHasOcclusionTexture2-1'=True, StaticSwitch'bHasSheenTexture2-1'=True, StaticSwitch'bHasSpecularTexture2-1'=True"
"/InterchangeAssets/gltf/M_Sheen.M_Sheen","0","12","0","14","14","Compiling M_Sheen: Platform=PCD3D_SM5, Usage=LightingModel=MSM_Cloth, BlendMode=BLEND_Opaque, SpecialEngine=0, TwoSided=1, TSNormal=1, Masked=0, Distorted=0, WritesEveryPixel=1, ModifiesMeshPosition=0, Usage={bUsedWithSkeletalMesh}, StaticSwitch'bHasAnisotropyTexture2-1'=True, StaticSwitch'bHasBaseColorTexture2-1'=True, StaticSwitch'bHasEmissiveTexture2-1'=True, StaticSwitch'bHasIridescence2-1'=True, StaticSwitch'bHasMetallicRoughnessTexture2-1'=True, StaticSwitch'bHasNormalTexture2-1'=True, StaticSwitch'bHasOcclusionTexture2-1'=True, StaticSwitch'bHasSheenTexture2-1'=True, StaticSwitch'bHasSpecularTexture2-1'=True"
"/InterchangeAssets/gltf/M_SpecularGlossiness.M_SpecularGlossiness","0","28","0","32","32","Compiling M_SpecularGlossiness: Platform=PCD3D_SM5, Usage=LightingModel=MSM_DefaultLit, BlendMode=BLEND_Masked, SpecialEngine=0, TwoSided=1, TSNormal=1, Masked=1, Distorted=0, WritesEveryPixel=0, ModifiesMeshPosition=0, Usage={bUsedWithSkeletalMesh}, StaticSwitch'bHasDiffuseSpecGlossTexture2-1'=True, StaticSwitch'bHasEmissiveTexture2-1'=True, StaticSwitch'bHasNormalTexture2-1'=True, StaticSwitch'bHasOcclusionTexture2-1'=True"
"/InterchangeAssets/gltf/M_SpecularGlossiness.M_SpecularGlossiness","0","28","0","32","32","Compiling M_SpecularGlossiness: Platform=PCD3D_SM5, Usage=LightingModel=MSM_DefaultLit, BlendMode=BLEND_Masked, SpecialEngine=0, TwoSided=0, TSNormal=1, Masked=1, Distorted=0, WritesEveryPixel=0, ModifiesMeshPosition=0, Usage={bUsedWithSkeletalMesh}, StaticSwitch'bHasDiffuseSpecGlossTexture2-1'=True, StaticSwitch'bHasEmissiveTexture2-1'=True, StaticSwitch'bHasNormalTexture2-1'=True, StaticSwitch'bHasOcclusionTexture2-1'=True"
"/InterchangeAssets/gltf/M_SpecularGlossiness.M_SpecularGlossiness","0","6","0","6","6","Compiling M_SpecularGlossiness: Platform=PCD3D_SM5, Usage=LightingModel=MSM_DefaultLit, BlendMode=BLEND_Opaque, SpecialEngine=0, TwoSided=0, TSNormal=1, Masked=0, Distorted=0, WritesEveryPixel=1, ModifiesMeshPosition=0, Usage={bUsedWithSkeletalMesh}, StaticSwitch'bHasDiffuseSpecGlossTexture2-1'=True, StaticSwitch'bHasEmissiveTexture2-1'=True, StaticSwitch'bHasNormalTexture2-1'=True, StaticSwitch'bHasOcclusionTexture2-1'=True"
"/InterchangeAssets/gltf/M_SpecularGlossiness.M_SpecularGlossiness","0","12","0","14","14","Compiling M_SpecularGlossiness: Platform=PCD3D_SM5, Usage=LightingModel=MSM_DefaultLit, BlendMode=BLEND_Opaque, SpecialEngine=0, TwoSided=1, TSNormal=1, Masked=0, Distorted=0, WritesEveryPixel=1, ModifiesMeshPosition=0, Usage={bUsedWithSkeletalMesh}, StaticSwitch'bHasDiffuseSpecGlossTexture2-1'=True, StaticSwitch'bHasEmissiveTexture2-1'=True, StaticSwitch'bHasNormalTexture2-1'=True, StaticSwitch'bHasOcclusionTexture2-1'=True"
"/InterchangeAssets/gltf/M_SpecularGlossiness.M_SpecularGlossiness","0","12","0","12","12","Compiling M_SpecularGlossiness: Platform=PCD3D_SM5, Usage=LightingModel=MSM_DefaultLit, BlendMode=BLEND_Translucent, SpecialEngine=0, TwoSided=0, TSNormal=1, Masked=0, Distorted=0, WritesEveryPixel=1, ModifiesMeshPosition=0, Usage={bUsedWithSkeletalMesh}, StaticSwitch'bHasDiffuseSpecGlossTexture2-1'=True, StaticSwitch'bHasEmissiveTexture2-1'=True, StaticSwitch'bHasNormalTexture2-1'=True, StaticSwitch'bHasOcclusionTexture2-1'=True"
"/InterchangeAssets/gltf/M_SpecularGlossiness.M_SpecularGlossiness","0","16","0","16","16","Compiling M_SpecularGlossiness: Platform=PCD3D_SM5, Usage=LightingModel=MSM_DefaultLit, BlendMode=BLEND_Translucent, SpecialEngine=0, TwoSided=1, TSNormal=1, Masked=0, Distorted=0, WritesEveryPixel=1, ModifiesMeshPosition=0, Usage={bUsedWithSkeletalMesh}, StaticSwitch'bHasDiffuseSpecGlossTexture2-1'=True, StaticSwitch'bHasEmissiveTexture2-1'=True, StaticSwitch'bHasNormalTexture2-1'=True, StaticSwitch'bHasOcclusionTexture2-1'=True"
"/InterchangeAssets/gltf/M_Default.M_Default","0","30","0","36","36","Compiling M_Default: Platform=PCD3D_SM5, Usage=LightingModel=MSM_DefaultLit, BlendMode=BLEND_Masked, SpecialEngine=0, TwoSided=0, TSNormal=1, Masked=1, Distorted=0, WritesEveryPixel=0, ModifiesMeshPosition=0, Usage={bUsedWithSkeletalMesh}, StaticSwitch'bHasAnisotropyTextureAndOrRotation2-1'=True, StaticSwitch'bHasBaseColorTexture2-1'=True, StaticSwitch'bHasEmissiveTexture2-1'=True, StaticSwitch'bHasIridescence2-1'=True, StaticSwitch'bHasMetallicRoughnessTexture2-1'=True, StaticSwitch'bHasNormalTexture2-1'=True, StaticSwitch'bHasOcclusionTexture2-1'=True, StaticSwitch'bHasSpecularTexture2-1'=True"
"/InterchangeAssets/gltf/M_Default.M_Default","0","12","0","12","12","Compiling M_Default: Platform=PCD3D_SM5, Usage=LightingModel=MSM_DefaultLit, BlendMode=BLEND_Translucent, SpecialEngine=0, TwoSided=0, TSNormal=1, Masked=0, Distorted=0, WritesEveryPixel=1, ModifiesMeshPosition=0, Usage={bUsedWithSkeletalMesh}, StaticSwitch'bHasAnisotropyTextureAndOrRotation2-1'=True, StaticSwitch'bHasBaseColorTexture2-1'=True, StaticSwitch'bHasEmissiveTexture2-1'=True, StaticSwitch'bHasIridescence2-1'=True, StaticSwitch'bHasMetallicRoughnessTexture2-1'=True, StaticSwitch'bHasNormalTexture2-1'=True, StaticSwitch'bHasOcclusionTexture2-1'=True, StaticSwitch'bHasSpecularTexture2-1'=True"
"/InterchangeAssets/gltf/M_Default.M_Default","0","30","0","36","36","Compiling M_Default: Platform=PCD3D_SM5, Usage=LightingModel=MSM_DefaultLit, BlendMode=BLEND_Masked, SpecialEngine=0, TwoSided=1, TSNormal=1, Masked=1, Distorted=0, WritesEveryPixel=0, ModifiesMeshPosition=0, Usage={bUsedWithSkeletalMesh}, StaticSwitch'bHasAnisotropyTextureAndOrRotation2-1'=True, StaticSwitch'bHasBaseColorTexture2-1'=True, StaticSwitch'bHasEmissiveTexture2-1'=True, StaticSwitch'bHasIridescence2-1'=True, StaticSwitch'bHasMetallicRoughnessTexture2-1'=True, StaticSwitch'bHasNormalTexture2-1'=True, StaticSwitch'bHasOcclusionTexture2-1'=True, StaticSwitch'bHasSpecularTexture2-1'=True"
"/InterchangeAssets/gltf/M_Default.M_Default","0","16","0","16","16","Compiling M_Default: Platform=PCD3D_SM5, Usage=LightingModel=MSM_DefaultLit, BlendMode=BLEND_Translucent, SpecialEngine=0, TwoSided=1, TSNormal=1, Masked=0, Distorted=0, WritesEveryPixel=1, ModifiesMeshPosition=0, Usage={bUsedWithSkeletalMesh}, StaticSwitch'bHasAnisotropyTextureAndOrRotation2-1'=True, StaticSwitch'bHasBaseColorTexture2-1'=True, StaticSwitch'bHasEmissiveTexture2-1'=True, StaticSwitch'bHasIridescence2-1'=True, StaticSwitch'bHasMetallicRoughnessTexture2-1'=True, StaticSwitch'bHasNormalTexture2-1'=True, StaticSwitch'bHasOcclusionTexture2-1'=True, StaticSwitch'bHasSpecularTexture2-1'=True"
"/InterchangeAssets/gltf/M_Default.M_Default","0","14","0","18","18","Compiling M_Default: Platform=PCD3D_SM5, Usage=LightingModel=MSM_DefaultLit, BlendMode=BLEND_Opaque, SpecialEngine=0, TwoSided=1, TSNormal=1, Masked=0, Distorted=0, WritesEveryPixel=1, ModifiesMeshPosition=0, Usage={bUsedWithSkeletalMesh}, StaticSwitch'bHasAnisotropyTextureAndOrRotation2-1'=True, StaticSwitch'bHasBaseColorTexture2-1'=True, StaticSwitch'bHasEmissiveTexture2-1'=True, StaticSwitch'bHasIridescence2-1'=True, StaticSwitch'bHasMetallicRoughnessTexture2-1'=True, StaticSwitch'bHasNormalTexture2-1'=True, StaticSwitch'bHasOcclusionTexture2-1'=True, StaticSwitch'bHasSpecularTexture2-1'=True"
"/InterchangeAssets/gltf/M_Default.M_Default","0","8","0","10","10","Compiling M_Default: Platform=PCD3D_SM5, Usage=LightingModel=MSM_DefaultLit, BlendMode=BLEND_Opaque, SpecialEngine=0, TwoSided=0, TSNormal=1, Masked=0, Distorted=0, WritesEveryPixel=1, ModifiesMeshPosition=0, Usage={bUsedWithSkeletalMesh}, StaticSwitch'bHasAnisotropyTextureAndOrRotation2-1'=True, StaticSwitch'bHasBaseColorTexture2-1'=True, StaticSwitch'bHasEmissiveTexture2-1'=True, StaticSwitch'bHasIridescence2-1'=True, StaticSwitch'bHasMetallicRoughnessTexture2-1'=True, StaticSwitch'bHasNormalTexture2-1'=True, StaticSwitch'bHasOcclusionTexture2-1'=True, StaticSwitch'bHasSpecularTexture2-1'=True"
"/Engine/EngineDebugMaterials/DebugMeshMaterial.DebugMeshMaterial","0","5","0","5","5","Compiling DebugMeshMaterial: Platform=PCD3D_SM5, Usage=LightingModel=MSM_Unlit, BlendMode=BLEND_Translucent, SpecialEngine=0, TwoSided=1, TSNormal=1, Masked=0, Distorted=0, WritesEveryPixel=1, ModifiesMeshPosition=0, Usage={}"
"/Engine/EngineMaterials/RemoveSurfaceMaterial.RemoveSurfaceMaterial","0","2","0","2","2","Compiling RemoveSurfaceMaterial: Platform=PCD3D_SM5, Usage=LightingModel=MSM_Unlit, BlendMode=BLEND_Opaque, SpecialEngine=0, TwoSided=0, TSNormal=1, Masked=0, Distorted=0, WritesEveryPixel=1, ModifiesMeshPosition=0, Usage={bUsedWithStaticLighting}"
"/Engine/EditorMaterials/Dataflow/DataflowTwoSidedVertexMaterial.DataflowTwoSidedVertexMaterial","0","12","0","14","14","Compiling DataflowTwoSidedVertexMaterial: Platform=PCD3D_SM5, Usage=LightingModel=MSM_DefaultLit, BlendMode=BLEND_Opaque, SpecialEngine=0, TwoSided=1, TSNormal=1, Masked=0, Distorted=0, WritesEveryPixel=1, ModifiesMeshPosition=0, Usage={bUsedWithSkeletalMesh}"
"/Engine/EditorMaterials/Dataflow/DataflowVertexMaterial.DataflowVertexMaterial","0","6","0","6","6","Compiling DataflowVertexMaterial: Platform=PCD3D_SM5, Usage=LightingModel=MSM_DefaultLit, BlendMode=BLEND_Opaque, SpecialEngine=0, TwoSided=0, TSNormal=1, Masked=0, Distorted=0, WritesEveryPixel=1, ModifiesMeshPosition=0, Usage={bUsedWithSkeletalMesh}"
"/Engine/BasicShapes/BasicShapeMaterial.BasicShapeMaterial","0","9","0","9","9","Compiling BasicShapeMaterial: Platform=PCD3D_SM5, Usage=LightingModel=MSM_DefaultLit, BlendMode=BLEND_Opaque, SpecialEngine=0, TwoSided=0, TSNormal=1, Masked=0, Distorted=0, WritesEveryPixel=1, ModifiesMeshPosition=0, Usage={bUsedWithStaticLighting,bUsedWithInstancedStaticMeshes,bUsedWithGeometryCollections,bUsedWithNanite}"
"/HairStrands/Materials/HairMeshesDefaultMaterial.HairMeshesDefaultMaterial","0","33","0","36","36","Compiling HairMeshesDefaultMaterial: Platform=PCD3D_SM5, Usage=LightingModel=MSM_DefaultLit|MSM_Hair, BlendMode=BLEND_Opaque, SpecialEngine=0, TwoSided=1, TSNormal=1, Masked=0, Distorted=0, WritesEveryPixel=1, ModifiesMeshPosition=0, Usage={bUsedWithHairStrands}"
"/HairStrands/Materials/HairDefaultMaterial.HairDefaultMaterial","0","33","0","36","36","Compiling HairDefaultMaterial: Platform=PCD3D_SM5, Usage=LightingModel=MSM_Hair, BlendMode=BLEND_Opaque, SpecialEngine=0, TwoSided=1, TSNormal=1, Masked=0, Distorted=0, WritesEveryPixel=1, ModifiesMeshPosition=0, Usage={bUsedWithHairStrands}"
"/InterchangeAssets/gltf/M_Transmission.M_Transmission","0","12","0","12","12","Compiling M_Transmission: Platform=PCD3D_SM5, Usage=LightingModel=MSM_ThinTranslucent, BlendMode=BLEND_Translucent, SpecialEngine=0, TwoSided=0, TSNormal=1, Masked=0, Distorted=0, WritesEveryPixel=1, ModifiesMeshPosition=0, Usage={bUsedWithSkeletalMesh}, StaticSwitch'bHasAnisotropyTexture2-1'=True, StaticSwitch'bHasBaseColorTexture2-1'=True, StaticSwitch'bHasIridescence2-1'=True, StaticSwitch'bHasMetallicRoughnessTexture2-1'=True, StaticSwitch'bHasNormalTexture2-1'=True, StaticSwitch'bHasOcclusionTexture2-1'=True, StaticSwitch'bHasSpecularTexture2-1'=True, StaticSwitch'bHasTransmissionTexture2-1'=True"
"/InterchangeAssets/gltf/M_Transmission.M_Transmission","0","16","0","16","16","Compiling M_Transmission: Platform=PCD3D_SM5, Usage=LightingModel=MSM_ThinTranslucent, BlendMode=BLEND_Translucent, SpecialEngine=0, TwoSided=1, TSNormal=1, Masked=0, Distorted=0, WritesEveryPixel=1, ModifiesMeshPosition=0, Usage={bUsedWithSkeletalMesh}, StaticSwitch'bHasAnisotropyTexture2-1'=True, StaticSwitch'bHasBaseColorTexture2-1'=True, StaticSwitch'bHasIridescence2-1'=True, StaticSwitch'bHasMetallicRoughnessTexture2-1'=True, StaticSwitch'bHasNormalTexture2-1'=True, StaticSwitch'bHasOcclusionTexture2-1'=True, StaticSwitch'bHasSpecularTexture2-1'=True, StaticSwitch'bHasTransmissionTexture2-1'=True"
"/Engine/EditorLandscapeResources/SplineEditorMeshMat.SplineEditorMeshMat","0","10","0","12","12","Compiling SplineEditorMeshMat: Platform=PCD3D_SM5, Usage=LightingModel=MSM_Unlit, BlendMode=BLEND_Opaque, SpecialEngine=0, TwoSided=1, TSNormal=1, Masked=0, Distorted=0, WritesEveryPixel=1, ModifiesMeshPosition=0, Usage={bUsedWithSplineMeshes,bUsedWithNanite}"
"/Engine/EngineDebugMaterials/M_SimpleUnlitTranslucent.M_SimpleUnlitTranslucent","0","3","0","3","3","Compiling M_SimpleUnlitTranslucent: Platform=PCD3D_SM5, Usage=LightingModel=MSM_Unlit, BlendMode=BLEND_Translucent, SpecialEngine=0, TwoSided=0, TSNormal=1, Masked=0, Distorted=0, WritesEveryPixel=1, ModifiesMeshPosition=0, Usage={}"
"/Engine/EditorMaterials/Camera/CineMat.CineMat","0","6","0","6","6","Compiling CineMat: Platform=PCD3D_SM5, Usage=LightingModel=MSM_DefaultLit, BlendMode=BLEND_Opaque, SpecialEngine=0, TwoSided=0, TSNormal=1, Masked=0, Distorted=0, WritesEveryPixel=1, ModifiesMeshPosition=0, Usage={bUsedWithSplineMeshes}"
"/Engine/VREditor/TransformGizmo/TranslucentTransformGizmoMaterial.TranslucentTransformGizmoMaterial","0","3","0","3","3","Compiling TranslucentTransformGizmoMaterial: Platform=PCD3D_SM5, Usage=LightingModel=MSM_Unlit, BlendMode=BLEND_Translucent, SpecialEngine=0, TwoSided=0, TSNormal=1, Masked=0, Distorted=0, WritesEveryPixel=1, ModifiesMeshPosition=0, Usage={}"
"/Engine/VREditor/TransformGizmo/Xray.Xray","0","3","0","3","3","Compiling Xray: Platform=PCD3D_SM5, Usage=LightingModel=MSM_DefaultLit, BlendMode=BLEND_Opaque, SpecialEngine=0, TwoSided=0, TSNormal=1, Masked=0, Distorted=0, WritesEveryPixel=1, ModifiesMeshPosition=0, Usage={}"
"/Engine/VREditor/TransformGizmo/Main.Main","0","3","0","3","3","Compiling Main: Platform=PCD3D_SM5, Usage=LightingModel=MSM_Unlit, BlendMode=BLEND_Translucent, SpecialEngine=0, TwoSided=0, TSNormal=1, Masked=0, Distorted=0, WritesEveryPixel=1, ModifiesMeshPosition=0, Usage={}"
"/Engine/EngineMaterials/FlattenMaterial_WS_Normal_VT.FlattenMaterial_WS_Normal_VT","0","6","0","6","6","Compiling FlattenMaterial_WS_Normal_VT: Platform=PCD3D_SM5, Usage=LightingModel=MSM_DefaultLit, BlendMode=BLEND_Opaque, SpecialEngine=0, TwoSided=0, TSNormal=0, Masked=0, Distorted=0, WritesEveryPixel=1, ModifiesMeshPosition=0, Usage={bUsedWithSkeletalMesh,bUsedWithStaticLighting,bUsedWithMorphTargets,bUsedWithNanite}, StaticSwitch'PackMetallic2-1'=False, StaticSwitch'PackRoughness2-1'=False, StaticSwitch'PackSpecular2-1'=False, StaticSwitch'UseAmbientOcclusion2-1'=False, StaticSwitch'UseBaseColor2-1'=False, StaticSwitch'UseCustomUV2-1'=False, StaticSwitch'UseEmissiveColor2-1'=False, StaticSwitch'UseEmissiveHDR2-1'=False, StaticSwitch'UseMetallic2-1'=False, StaticSwitch'UseOpacity2-1'=False, StaticSwitch'UseOpacityMask2-1'=False, StaticSwitch'UseRoughness2-1'=False, StaticSwitch'UseSpecular2-1'=False, StaticSwitch'UseUV12-1'=False, StaticSwitch'UseUV22-1'=False, StaticSwitch'UseUV32-1'=False, StaticSwitch'UseUV42-1'=False, StaticSwitch'UseUV52-1'=False, StaticSwitch'UseUV62-1'=False"
"/Engine/EngineMaterials/FlattenMaterial_VT.FlattenMaterial_VT","0","6","0","6","6","Compiling FlattenMaterial_VT: Platform=PCD3D_SM5, Usage=LightingModel=MSM_DefaultLit, BlendMode=BLEND_Opaque, SpecialEngine=0, TwoSided=0, TSNormal=1, Masked=0, Distorted=0, WritesEveryPixel=1, ModifiesMeshPosition=0, Usage={bUsedWithSkeletalMesh,bUsedWithStaticLighting,bUsedWithMorphTargets,bUsedWithNanite}, StaticSwitch'PackMetallic2-1'=False, StaticSwitch'PackRoughness2-1'=False, StaticSwitch'PackSpecular2-1'=False, StaticSwitch'UseAmbientOcclusion2-1'=False, StaticSwitch'UseBaseColor2-1'=False, StaticSwitch'UseCustomUV2-1'=False, StaticSwitch'UseEmissiveColor2-1'=False, StaticSwitch'UseEmissiveHDR2-1'=False, StaticSwitch'UseMetallic2-1'=False, StaticSwitch'UseOpacity2-1'=False, StaticSwitch'UseOpacityMask2-1'=False, StaticSwitch'UseRoughness2-1'=False, StaticSwitch'UseSpecular2-1'=False, StaticSwitch'UseUV12-1'=False, StaticSwitch'UseUV22-1'=False, StaticSwitch'UseUV32-1'=False, StaticSwitch'UseUV42-1'=False, StaticSwitch'UseUV52-1'=False, StaticSwitch'UseUV62-1'=False"
"/Engine/EngineMaterials/FlattenMaterial.FlattenMaterial","0","9","0","9","9","Compiling FlattenMaterial: Platform=PCD3D_SM5, Usage=LightingModel=MSM_DefaultLit, BlendMode=BLEND_Opaque, SpecialEngine=0, TwoSided=0, TSNormal=1, Masked=0, Distorted=0, WritesEveryPixel=1, ModifiesMeshPosition=0, Usage={bUsedWithSkeletalMesh,bUsedWithStaticLighting,bUsedWithMorphTargets,bUsedWithSplineMeshes,bUsedWithNanite}, StaticSwitch'PackMetallic2-1'=False, StaticSwitch'PackRoughness2-1'=False, StaticSwitch'PackSpecular2-1'=False, StaticSwitch'UseAmbientOcclusion2-1'=False, StaticSwitch'UseBaseColor2-1'=False, StaticSwitch'UseCustomUV2-1'=False, StaticSwitch'UseEmissiveColor2-1'=False, StaticSwitch'UseEmissiveHDR2-1'=False, StaticSwitch'UseMetallic2-1'=False, StaticSwitch'UseOpacity2-1'=False, StaticSwitch'UseOpacityMask2-1'=False, StaticSwitch'UseRoughness2-1'=False, StaticSwitch'UseSpecular2-1'=False, StaticSwitch'UseUV12-1'=False, StaticSwitch'UseUV22-1'=False, StaticSwitch'UseUV32-1'=False, StaticSwitch'UseUV42-1'=False, StaticSwitch'UseUV52-1'=False, StaticSwitch'UseUV62-1'=False"
"/Engine/EngineMaterials/PhAT_JointLimitMaterial.PhAT_JointLimitMaterial","0","6","0","7","7","Compiling PhAT_JointLimitMaterial: Platform=PCD3D_SM5, Usage=LightingModel=MSM_Unlit, BlendMode=BLEND_Translucent, SpecialEngine=0, TwoSided=1, TSNormal=1, Masked=0, Distorted=0, WritesEveryPixel=1, ModifiesMeshPosition=1, Usage={}"
"/Engine/EngineMaterials/EmissiveMeshMaterial.EmissiveMeshMaterial","0","10","0","10","10","Compiling EmissiveMeshMaterial: Platform=PCD3D_SM5, Usage=LightingModel=MSM_Unlit, BlendMode=BLEND_Additive, SpecialEngine=0, TwoSided=1, TSNormal=1, Masked=0, Distorted=0, WritesEveryPixel=1, ModifiesMeshPosition=0, Usage={bUsedWithNiagaraMeshParticles}"
"/Engine/EngineMaterials/M_InvalidLightmapSettings.M_InvalidLightmapSettings","0","6","0","6","6","Compiling M_InvalidLightmapSettings: Platform=PCD3D_SM5, Usage=LightingModel=MSM_DefaultLit, BlendMode=BLEND_Opaque, SpecialEngine=0, TwoSided=0, TSNormal=1, Masked=0, Distorted=0, WritesEveryPixel=1, ModifiesMeshPosition=0, Usage={bUsedWithInstancedStaticMeshes}"
"/ControlRig/M_Manip.M_Manip","0","6","0","7","7","Compiling M_Manip: Platform=PCD3D_SM5, Usage=LightingModel=MSM_Unlit, BlendMode=BLEND_Translucent, SpecialEngine=0, TwoSided=0, TSNormal=1, Masked=0, Distorted=0, WritesEveryPixel=1, ModifiesMeshPosition=1, Usage={}"
"/SpeedTreeImporter/SpeedTree9/SpeedTreeBillboardMaster.SpeedTreeBillboardMaster","0","28","0","32","32","Compiling SpeedTreeBillboardMaster: Platform=PCD3D_SM5, Usage=LightingModel=MSM_TwoSidedFoliage, BlendMode=BLEND_Masked, SpecialEngine=0, TwoSided=0, TSNormal=1, Masked=1, Distorted=0, WritesEveryPixel=0, ModifiesMeshPosition=1, Usage={bUsedWithInstancedStaticMeshes}, StaticSwitch'SharedEnable2-1'=True"
"/SpeedTreeImporter/SpeedTree9/SpeedTreeMaster.SpeedTreeMaster","0","28","0","32","32","Compiling SpeedTreeMaster: Platform=PCD3D_SM5, Usage=LightingModel=MSM_TwoSidedFoliage, BlendMode=BLEND_Masked, SpecialEngine=0, TwoSided=1, TSNormal=1, Masked=1, Distorted=0, WritesEveryPixel=0, ModifiesMeshPosition=1, Usage={bUsedWithStaticLighting,bUsedWithInstancedStaticMeshes}, StaticSwitch'Branch1Enable2-1'=True, StaticSwitch'Branch2Enable2-1'=False, StaticSwitch'FlipBacksideNormals2-1'=True, StaticSwitch'HandleCameraFacing2-1'=False, StaticSwitch'HasBranch2Data_Internal2-1'=False, StaticSwitch'RippleEnable2-1'=True, StaticSwitch'RippleShimmerEnable2-1'=False, StaticSwitch'SharedEnable2-1'=True"
"/ControlRig/Controls/ControlRigXRayMaterial.ControlRigXRayMaterial","0","6","0","7","7","Compiling ControlRigXRayMaterial: Platform=PCD3D_SM5, Usage=LightingModel=MSM_Unlit, BlendMode=BLEND_Translucent, SpecialEngine=0, TwoSided=0, TSNormal=1, Masked=0, Distorted=0, WritesEveryPixel=1, ModifiesMeshPosition=1, Usage={bUsedWithStaticLighting}"
"/Engine/EngineMaterials/PPM_DefaultCalibrationGrayscale.PPM_DefaultCalibrationGrayscale","0","5","0","5","5","Compiling PPM_DefaultCalibrationGrayscale: Platform=PCD3D_SM5, Usage=LightingModel=MSM_Unlit, BlendMode=BLEND_Opaque, SpecialEngine=0, TwoSided=0, TSNormal=1, Masked=0, Distorted=0, WritesEveryPixel=1, ModifiesMeshPosition=0, Usage={}"
"/Engine/EngineSky/M_Sky_Panning_Clouds2.M_Sky_Panning_Clouds2","0","2","0","2","2","Compiling M_Sky_Panning_Clouds2: Platform=PCD3D_SM5, Usage=LightingModel=MSM_Unlit, BlendMode=BLEND_Opaque, SpecialEngine=0, TwoSided=0, TSNormal=1, Masked=0, Distorted=0, WritesEveryPixel=1, ModifiesMeshPosition=0, Usage={bUsedWithStaticLighting}"
"/Engine/EngineMaterials/PPM_DefaultCalibrationColor.PPM_DefaultCalibrationColor","0","5","0","5","5","Compiling PPM_DefaultCalibrationColor: Platform=PCD3D_SM5, Usage=LightingModel=MSM_Unlit, BlendMode=BLEND_Opaque, SpecialEngine=0, TwoSided=0, TSNormal=1, Masked=0, Distorted=0, WritesEveryPixel=1, ModifiesMeshPosition=0, Usage={}"
"/Engine/EngineMaterials/DefaultMaterial.DefaultMaterial","0","24","0","24","24","Compiling DefaultMaterial: Platform=PCD3D_SM5, Usage=LightingModel=MSM_DefaultLit, BlendMode=BLEND_Opaque, SpecialEngine=0, TwoSided=0, TSNormal=1, Masked=0, Distorted=0, WritesEveryPixel=1, ModifiesMeshPosition=0, Usage={bUsedWithSkeletalMesh,bUsedWithMeshParticles,bUsedWithStaticLighting,bUsedWithSplineMeshes,bUsedWithInstancedStaticMeshes,bUsedWithNiagaraSprites,bUsedWithNiagaraRibbons,bUsedWithNiagaraMeshParticles}"
"/Engine/EditorMaterials/PreviewShadowIndicatorMaterial.PreviewShadowIndicatorMaterial","0","25","0","25","25","Compiling PreviewShadowIndicatorMaterial: Platform=PCD3D_SM5, Usage=LightingModel=MSM_Unlit, BlendMode=BLEND_Opaque, SpecialEngine=0, TwoSided=0, TSNormal=1, Masked=0, Distorted=0, WritesEveryPixel=1, ModifiesMeshPosition=0, Usage={}"
"/Engine/EngineDebugMaterials/M_VolumeRenderSphereTracePP.M_VolumeRenderSphereTracePP","0","5","0","5","5","Compiling M_VolumeRenderSphereTracePP: Platform=PCD3D_SM5, Usage=LightingModel=MSM_Unlit, BlendMode=BLEND_Opaque, SpecialEngine=0, TwoSided=0, TSNormal=1, Masked=0, Distorted=0, WritesEveryPixel=1, ModifiesMeshPosition=0, Usage={}"
"/HairStrands/Materials/HairCardsDefaultMaterial.HairCardsDefaultMaterial","0","57","0","0","0","Compiling HairCardsDefaultMaterial: Platform=PCD3D_SM5, Usage=LightingModel=MSM_DefaultLit|MSM_Hair, BlendMode=BLEND_Masked, SpecialEngine=0, TwoSided=1, TSNormal=1, Masked=1, Distorted=0, WritesEveryPixel=0, ModifiesMeshPosition=1, Usage={bUsedWithHairStrands}"
"Globals","49","10300","0","0","0",""
"/ControlRig/Controls/ControlRigGizmoMaterial.ControlRigGizmoMaterial","49","7","0","7","7","Compiling ControlRigGizmoMaterial: Platform=PCD3D_SM6, Usage=LightingModel=MSM_Unlit, BlendMode=BLEND_Opaque, SpecialEngine=0, TwoSided=0, TSNormal=1, Masked=0, Distorted=0, WritesEveryPixel=1, ModifiesMeshPosition=0, Usage={}"
"","49","64","65","0","0",""
"/Engine/EditorMaterials/PhAT_UnselectedMaterial.PhAT_UnselectedMaterial","49","8","0","8","8","Compiling PhAT_UnselectedMaterial: Platform=PCD3D_SM6, Usage=LightingModel=MSM_Unlit, BlendMode=BLEND_Translucent, SpecialEngine=0, TwoSided=0, TSNormal=1, Masked=0, Distorted=0, WritesEveryPixel=1, ModifiesMeshPosition=0, Usage={}"
"/MeshModelingToolset/Materials/M_DynamicMeshComponentVtxColor.M_DynamicMeshComponentVtxColor","49","12","0","14","14","Compiling M_DynamicMeshComponentVtxColor: Platform=PCD3D_SM6, Usage=LightingModel=MSM_DefaultLit, BlendMode=BLEND_Opaque, SpecialEngine=0, TwoSided=1, TSNormal=1, Masked=0, Distorted=0, WritesEveryPixel=1, ModifiesMeshPosition=0, Usage={}"
"/Engine/EditorMaterials/PhAT_NoCollisionMaterial.PhAT_NoCollisionMaterial","49","8","0","8","8","Compiling PhAT_NoCollisionMaterial: Platform=PCD3D_SM6, Usage=LightingModel=MSM_Unlit, BlendMode=BLEND_Translucent, SpecialEngine=0, TwoSided=0, TSNormal=1, Masked=0, Distorted=0, WritesEveryPixel=1, ModifiesMeshPosition=0, Usage={}"
"/Engine/EngineMaterials/GizmoMaterial.GizmoMaterial","49","10","0","11","11","Compiling GizmoMaterial: Platform=PCD3D_SM6, Usage=LightingModel=MSM_Unlit, BlendMode=BLEND_Opaque, SpecialEngine=0, TwoSided=1, TSNormal=1, Masked=0, Distorted=0, WritesEveryPixel=1, ModifiesMeshPosition=0, Usage={}"
"/Engine/EngineMaterials/NaniteHiddenSectionMaterial.NaniteHiddenSectionMaterial","49","19","0","21","21","Compiling NaniteHiddenSectionMaterial: Platform=PCD3D_SM6, Usage=LightingModel=MSM_DefaultLit, BlendMode=BLEND_Opaque, SpecialEngine=0, TwoSided=1, TSNormal=1, Masked=0, Distorted=0, WritesEveryPixel=1, ModifiesMeshPosition=1, Usage={}"
"/Engine/EngineDebugMaterials/DebugEditorMaterial.DebugEditorMaterial","49","10","0","11","11","Compiling DebugEditorMaterial: Platform=PCD3D_SM6, Usage=LightingModel=MSM_Unlit, BlendMode=BLEND_Opaque, SpecialEngine=0, TwoSided=1, TSNormal=1, Masked=0, Distorted=0, WritesEveryPixel=1, ModifiesMeshPosition=0, Usage={}"
"/Engine/EngineDebugMaterials/DebugMeshMaterial.DebugMeshMaterial","49","10","0","10","10","Compiling DebugMeshMaterial: Platform=PCD3D_SM6, Usage=LightingModel=MSM_Unlit, BlendMode=BLEND_Translucent, SpecialEngine=0, TwoSided=1, TSNormal=1, Masked=0, Distorted=0, WritesEveryPixel=1, ModifiesMeshPosition=0, Usage={}"
"/Engine/EngineMaterials/RemoveSurfaceMaterial.RemoveSurfaceMaterial","49","7","0","7","7","Compiling RemoveSurfaceMaterial: Platform=PCD3D_SM6, Usage=LightingModel=MSM_Unlit, BlendMode=BLEND_Opaque, SpecialEngine=0, TwoSided=0, TSNormal=1, Masked=0, Distorted=0, WritesEveryPixel=1, ModifiesMeshPosition=0, Usage={bUsedWithStaticLighting}"
"/Engine/EditorMaterials/Dataflow/DataflowTwoSidedVertexMaterial.DataflowTwoSidedVertexMaterial","49","17","0","19","19","Compiling DataflowTwoSidedVertexMaterial: Platform=PCD3D_SM6, Usage=LightingModel=MSM_DefaultLit, BlendMode=BLEND_Opaque, SpecialEngine=0, TwoSided=1, TSNormal=1, Masked=0, Distorted=0, WritesEveryPixel=1, ModifiesMeshPosition=0, Usage={bUsedWithSkeletalMesh}"
"/Engine/EditorMaterials/Dataflow/DataflowVertexMaterial.DataflowVertexMaterial","49","11","0","11","11","Compiling DataflowVertexMaterial: Platform=PCD3D_SM6, Usage=LightingModel=MSM_DefaultLit, BlendMode=BLEND_Opaque, SpecialEngine=0, TwoSided=0, TSNormal=1, Masked=0, Distorted=0, WritesEveryPixel=1, ModifiesMeshPosition=0, Usage={bUsedWithSkeletalMesh}"
"/Engine/BasicShapes/BasicShapeMaterial.BasicShapeMaterial","49","27","0","27","27","Compiling BasicShapeMaterial: Platform=PCD3D_SM6, Usage=LightingModel=MSM_DefaultLit, BlendMode=BLEND_Opaque, SpecialEngine=0, TwoSided=0, TSNormal=1, Masked=0, Distorted=0, WritesEveryPixel=1, ModifiesMeshPosition=0, Usage={bUsedWithStaticLighting,bUsedWithInstancedStaticMeshes,bUsedWithGeometryCollections,bUsedWithNanite}"
"/HairStrands/Materials/HairDefaultMaterial.HairDefaultMaterial","49","42","0","45","45","Compiling HairDefaultMaterial: Platform=PCD3D_SM6, Usage=LightingModel=MSM_Hair, BlendMode=BLEND_Opaque, SpecialEngine=0, TwoSided=1, TSNormal=1, Masked=0, Distorted=0, WritesEveryPixel=1, ModifiesMeshPosition=0, Usage={bUsedWithHairStrands}"
"/Engine/EditorLandscapeResources/SplineEditorMeshMat.SplineEditorMeshMat","49","22","0","24","24","Compiling SplineEditorMeshMat: Platform=PCD3D_SM6, Usage=LightingModel=MSM_Unlit, BlendMode=BLEND_Opaque, SpecialEngine=0, TwoSided=1, TSNormal=1, Masked=0, Distorted=0, WritesEveryPixel=1, ModifiesMeshPosition=0, Usage={bUsedWithSplineMeshes,bUsedWithNanite}"
"/Engine/EngineDebugMaterials/M_SimpleUnlitTranslucent.M_SimpleUnlitTranslucent","49","8","0","8","8","Compiling M_SimpleUnlitTranslucent: Platform=PCD3D_SM6, Usage=LightingModel=MSM_Unlit, BlendMode=BLEND_Translucent, SpecialEngine=0, TwoSided=0, TSNormal=1, Masked=0, Distorted=0, WritesEveryPixel=1, ModifiesMeshPosition=0, Usage={}"
"/Engine/EditorMaterials/Camera/CineMat.CineMat","49","14","0","14","14","Compiling CineMat: Platform=PCD3D_SM6, Usage=LightingModel=MSM_DefaultLit, BlendMode=BLEND_Opaque, SpecialEngine=0, TwoSided=0, TSNormal=1, Masked=0, Distorted=0, WritesEveryPixel=1, ModifiesMeshPosition=0, Usage={bUsedWithSplineMeshes}"
"/Engine/VREditor/TransformGizmo/TranslucentTransformGizmoMaterial.TranslucentTransformGizmoMaterial","49","8","0","8","8","Compiling TranslucentTransformGizmoMaterial: Platform=PCD3D_SM6, Usage=LightingModel=MSM_Unlit, BlendMode=BLEND_Translucent, SpecialEngine=0, TwoSided=0, TSNormal=1, Masked=0, Distorted=0, WritesEveryPixel=1, ModifiesMeshPosition=0, Usage={}"
"/Engine/VREditor/TransformGizmo/Xray.Xray","49","8","0","8","8","Compiling Xray: Platform=PCD3D_SM6, Usage=LightingModel=MSM_DefaultLit, BlendMode=BLEND_Opaque, SpecialEngine=0, TwoSided=0, TSNormal=1, Masked=0, Distorted=0, WritesEveryPixel=1, ModifiesMeshPosition=0, Usage={}"
"/Engine/VREditor/TransformGizmo/Main.Main","49","8","0","8","8","Compiling Main: Platform=PCD3D_SM6, Usage=LightingModel=MSM_Unlit, BlendMode=BLEND_Translucent, SpecialEngine=0, TwoSided=0, TSNormal=1, Masked=0, Distorted=0, WritesEveryPixel=1, ModifiesMeshPosition=0, Usage={}"
"/Engine/EngineMaterials/DefaultLightFunctionMaterial.DefaultLightFunctionMaterial","49","67","0","67","67","Compiling DefaultLightFunctionMaterial: Platform=PCD3D_SM6, Usage=LightingModel=MSM_Unlit, BlendMode=BLEND_Opaque, SpecialEngine=0, TwoSided=0, TSNormal=1, Masked=0, Distorted=0, WritesEveryPixel=1, ModifiesMeshPosition=0, Usage={}"
"/Engine/EngineMaterials/FlattenMaterial_WS_Normal_VT.FlattenMaterial_WS_Normal_VT","49","16","0","16","16","Compiling FlattenMaterial_WS_Normal_VT: Platform=PCD3D_SM6, Usage=LightingModel=MSM_DefaultLit, BlendMode=BLEND_Opaque, SpecialEngine=0, TwoSided=0, TSNormal=0, Masked=0, Distorted=0, WritesEveryPixel=1, ModifiesMeshPosition=0, Usage={bUsedWithSkeletalMesh,bUsedWithStaticLighting,bUsedWithMorphTargets,bUsedWithNanite}, StaticSwitch'PackMetallic2-1'=False, StaticSwitch'PackRoughness2-1'=False, StaticSwitch'PackSpecular2-1'=False, StaticSwitch'UseAmbientOcclusion2-1'=False, StaticSwitch'UseBaseColor2-1'=False, StaticSwitch'UseCustomUV2-1'=False, StaticSwitch'UseEmissiveColor2-1'=False, StaticSwitch'UseEmissiveHDR2-1'=False, StaticSwitch'UseMetallic2-1'=False, StaticSwitch'UseOpacity2-1'=False, StaticSwitch'UseOpacityMask2-1'=False, StaticSwitch'UseRoughness2-1'=False, StaticSwitch'UseSpecular2-1'=False, StaticSwitch'UseUV12-1'=False, StaticSwitch'UseUV22-1'=False, StaticSwitch'UseUV32-1'=False, StaticSwitch'UseUV42-1'=False, StaticSwitch'UseUV52-1'=False, StaticSwitch'UseUV62-1'=False"
"/Engine/EngineMaterials/FlattenMaterial_VT.FlattenMaterial_VT","49","16","0","16","16","Compiling FlattenMaterial_VT: Platform=PCD3D_SM6, Usage=LightingModel=MSM_DefaultLit, BlendMode=BLEND_Opaque, SpecialEngine=0, TwoSided=0, TSNormal=1, Masked=0, Distorted=0, WritesEveryPixel=1, ModifiesMeshPosition=0, Usage={bUsedWithSkeletalMesh,bUsedWithStaticLighting,bUsedWithMorphTargets,bUsedWithNanite}, StaticSwitch'PackMetallic2-1'=False, StaticSwitch'PackRoughness2-1'=False, StaticSwitch'PackSpecular2-1'=False, StaticSwitch'UseAmbientOcclusion2-1'=False, StaticSwitch'UseBaseColor2-1'=False, StaticSwitch'UseCustomUV2-1'=False, StaticSwitch'UseEmissiveColor2-1'=False, StaticSwitch'UseEmissiveHDR2-1'=False, StaticSwitch'UseMetallic2-1'=False, StaticSwitch'UseOpacity2-1'=False, StaticSwitch'UseOpacityMask2-1'=False, StaticSwitch'UseRoughness2-1'=False, StaticSwitch'UseSpecular2-1'=False, StaticSwitch'UseUV12-1'=False, StaticSwitch'UseUV22-1'=False, StaticSwitch'UseUV32-1'=False, StaticSwitch'UseUV42-1'=False, StaticSwitch'UseUV52-1'=False, StaticSwitch'UseUV62-1'=False"
"/Engine/EngineMaterials/FlattenMaterial.FlattenMaterial","49","22","0","22","22","Compiling FlattenMaterial: Platform=PCD3D_SM6, Usage=LightingModel=MSM_DefaultLit, BlendMode=BLEND_Opaque, SpecialEngine=0, TwoSided=0, TSNormal=1, Masked=0, Distorted=0, WritesEveryPixel=1, ModifiesMeshPosition=0, Usage={bUsedWithSkeletalMesh,bUsedWithStaticLighting,bUsedWithMorphTargets,bUsedWithSplineMeshes,bUsedWithNanite}, StaticSwitch'PackMetallic2-1'=False, StaticSwitch'PackRoughness2-1'=False, StaticSwitch'PackSpecular2-1'=False, StaticSwitch'UseAmbientOcclusion2-1'=False, StaticSwitch'UseBaseColor2-1'=False, StaticSwitch'UseCustomUV2-1'=False, StaticSwitch'UseEmissiveColor2-1'=False, StaticSwitch'UseEmissiveHDR2-1'=False, StaticSwitch'UseMetallic2-1'=False, StaticSwitch'UseOpacity2-1'=False, StaticSwitch'UseOpacityMask2-1'=False, StaticSwitch'UseRoughness2-1'=False, StaticSwitch'UseSpecular2-1'=False, StaticSwitch'UseUV12-1'=False, StaticSwitch'UseUV22-1'=False, StaticSwitch'UseUV32-1'=False, StaticSwitch'UseUV42-1'=False, StaticSwitch'UseUV52-1'=False, StaticSwitch'UseUV62-1'=False"
"/Engine/EngineMaterials/M_InvalidLightmapSettings.M_InvalidLightmapSettings","49","16","0","16","16","Compiling M_InvalidLightmapSettings: Platform=PCD3D_SM6, Usage=LightingModel=MSM_DefaultLit, BlendMode=BLEND_Opaque, SpecialEngine=0, TwoSided=0, TSNormal=1, Masked=0, Distorted=0, WritesEveryPixel=1, ModifiesMeshPosition=0, Usage={bUsedWithInstancedStaticMeshes}"
"/Engine/EngineMaterials/EmissiveMeshMaterial.EmissiveMeshMaterial","49","17","0","17","17","Compiling EmissiveMeshMaterial: Platform=PCD3D_SM6, Usage=LightingModel=MSM_Unlit, BlendMode=BLEND_Additive, SpecialEngine=0, TwoSided=1, TSNormal=1, Masked=0, Distorted=0, WritesEveryPixel=1, ModifiesMeshPosition=0, Usage={bUsedWithNiagaraMeshParticles}"
"/Engine/EngineMaterials/PhAT_JointLimitMaterial.PhAT_JointLimitMaterial","49","11","0","12","12","Compiling PhAT_JointLimitMaterial: Platform=PCD3D_SM6, Usage=LightingModel=MSM_Unlit, BlendMode=BLEND_Translucent, SpecialEngine=0, TwoSided=1, TSNormal=1, Masked=0, Distorted=0, WritesEveryPixel=1, ModifiesMeshPosition=1, Usage={}"
"/ControlRig/M_Manip.M_Manip","49","11","0","12","12","Compiling M_Manip: Platform=PCD3D_SM6, Usage=LightingModel=MSM_Unlit, BlendMode=BLEND_Translucent, SpecialEngine=0, TwoSided=0, TSNormal=1, Masked=0, Distorted=0, WritesEveryPixel=1, ModifiesMeshPosition=1, Usage={}"
"/Paper2D/DefaultSpriteMaterial.DefaultSpriteMaterial","49","38","0","42","42","Compiling DefaultSpriteMaterial: Platform=PCD3D_SM6, Usage=LightingModel=MSM_Unlit, BlendMode=BLEND_Masked, SpecialEngine=0, TwoSided=1, TSNormal=1, Masked=1, Distorted=0, WritesEveryPixel=0, ModifiesMeshPosition=0, Usage={bUsedWithNiagaraSprites}"
"/Paper2D/DefaultSpriteMaterial.DefaultSpriteMaterial","49","18","0","20","20","Compiling DefaultSpriteMaterial: Platform=PCD3D_SM6, Usage=LightingModel=MSM_Unlit, BlendMode=BLEND_Opaque, SpecialEngine=0, TwoSided=1, TSNormal=1, Masked=0, Distorted=0, WritesEveryPixel=1, ModifiesMeshPosition=0, Usage={bUsedWithNiagaraSprites}"
"/ControlRig/Controls/ControlRigXRayMaterial.ControlRigXRayMaterial","49","11","0","12","12","Compiling ControlRigXRayMaterial: Platform=PCD3D_SM6, Usage=LightingModel=MSM_Unlit, BlendMode=BLEND_Translucent, SpecialEngine=0, TwoSided=0, TSNormal=1, Masked=0, Distorted=0, WritesEveryPixel=1, ModifiesMeshPosition=1, Usage={bUsedWithStaticLighting}"
"/HairStrands/Materials/HairMeshesDefaultMaterial.HairMeshesDefaultMaterial","49","42","0","45","45","Compiling HairMeshesDefaultMaterial: Platform=PCD3D_SM6, Usage=LightingModel=MSM_DefaultLit|MSM_Hair, BlendMode=BLEND_Opaque, SpecialEngine=0, TwoSided=1, TSNormal=1, Masked=0, Distorted=0, WritesEveryPixel=1, ModifiesMeshPosition=0, Usage={bUsedWithHairStrands}"
"/HairStrands/Materials/HairCardsDefaultMaterial.HairCardsDefaultMaterial","49","72","0","78","0","Compiling HairCardsDefaultMaterial: Platform=PCD3D_SM6, Usage=LightingModel=MSM_DefaultLit|MSM_Hair, BlendMode=BLEND_Masked, SpecialEngine=0, TwoSided=1, TSNormal=1, Masked=1, Distorted=0, WritesEveryPixel=0, ModifiesMeshPosition=1, Usage={bUsedWithHairStrands}"
"/Engine/EngineDebugMaterials/M_VolumeRenderSphereTracePP.M_VolumeRenderSphereTracePP","49","7","0","7","7","Compiling M_VolumeRenderSphereTracePP: Platform=PCD3D_SM6, Usage=LightingModel=MSM_Unlit, BlendMode=BLEND_Opaque, SpecialEngine=0, TwoSided=0, TSNormal=1, Masked=0, Distorted=0, WritesEveryPixel=1, ModifiesMeshPosition=0, Usage={}"
"/Engine/EngineSky/M_SimpleSkyDome.M_SimpleSkyDome","49","7","0","7","7","Compiling M_SimpleSkyDome: Platform=PCD3D_SM6, Usage=LightingModel=MSM_Unlit, BlendMode=BLEND_Opaque, SpecialEngine=0, TwoSided=0, TSNormal=1, Masked=0, Distorted=0, WritesEveryPixel=1, ModifiesMeshPosition=0, Usage={}"
"/Engine/VREditor/TransformGizmo/TransformGizmoMaterial.TransformGizmoMaterial","49","7","0","7","7","Compiling TransformGizmoMaterial: Platform=PCD3D_SM6, Usage=LightingModel=MSM_Unlit, BlendMode=BLEND_Opaque, SpecialEngine=0, TwoSided=0, TSNormal=1, Masked=0, Distorted=0, WritesEveryPixel=1, ModifiesMeshPosition=0, Usage={}"
"/Engine/EngineMaterials/Widget3DPassThrough.Widget3DPassThrough","49","8","0","8","8","Compiling Widget3DPassThrough: Platform=PCD3D_SM6, Usage=LightingModel=MSM_Unlit, BlendMode=BLEND_Translucent, SpecialEngine=0, TwoSided=0, TSNormal=1, Masked=0, Distorted=0, WritesEveryPixel=1, ModifiesMeshPosition=0, Usage={}"
"/Engine/EngineMaterials/Widget3DPassThrough.Widget3DPassThrough","49","20","0","22","22","Compiling Widget3DPassThrough: Platform=PCD3D_SM6, Usage=LightingModel=MSM_Unlit, BlendMode=BLEND_Masked, SpecialEngine=0, TwoSided=1, TSNormal=1, Masked=1, Distorted=0, WritesEveryPixel=0, ModifiesMeshPosition=0, Usage={}"
"/Engine/EngineMaterials/Widget3DPassThrough.Widget3DPassThrough","49","10","0","11","11","Compiling Widget3DPassThrough: Platform=PCD3D_SM6, Usage=LightingModel=MSM_Unlit, BlendMode=BLEND_Opaque, SpecialEngine=0, TwoSided=1, TSNormal=1, Masked=0, Distorted=0, WritesEveryPixel=1, ModifiesMeshPosition=0, Usage={}"
"/Engine/EngineMaterials/Widget3DPassThrough.Widget3DPassThrough","49","10","0","10","10","Compiling Widget3DPassThrough: Platform=PCD3D_SM6, Usage=LightingModel=MSM_Unlit, BlendMode=BLEND_Translucent, SpecialEngine=0, TwoSided=1, TSNormal=1, Masked=0, Distorted=0, WritesEveryPixel=1, ModifiesMeshPosition=0, Usage={}"
"/Engine/EngineMaterials/Widget3DPassThrough.Widget3DPassThrough","49","20","0","22","22","Compiling Widget3DPassThrough: Platform=PCD3D_SM6, Usage=LightingModel=MSM_Unlit, BlendMode=BLEND_Masked, SpecialEngine=0, TwoSided=0, TSNormal=1, Masked=1, Distorted=0, WritesEveryPixel=0, ModifiesMeshPosition=0, Usage={}"
"/Engine/EngineMaterials/Widget3DPassThrough.Widget3DPassThrough","49","7","0","7","7","Compiling Widget3DPassThrough: Platform=PCD3D_SM6, Usage=LightingModel=MSM_Unlit, BlendMode=BLEND_Opaque, SpecialEngine=0, TwoSided=0, TSNormal=1, Masked=0, Distorted=0, WritesEveryPixel=1, ModifiesMeshPosition=0, Usage={}"
"/HairStrands/Materials/HairDebugMaterial.HairDebugMaterial","49","72","0","78","78","Compiling HairDebugMaterial: Platform=PCD3D_SM6, Usage=LightingModel=MSM_DefaultLit|MSM_Hair, BlendMode=BLEND_Masked, SpecialEngine=0, TwoSided=1, TSNormal=1, Masked=1, Distorted=0, WritesEveryPixel=0, ModifiesMeshPosition=0, Usage={bUsedWithHairStrands}"
"/Engine/EngineSky/VolumetricClouds/m_SimpleVolumetricCloud.m_SimpleVolumetricCloud","49","92","0","92","92","Compiling m_SimpleVolumetricCloud: Platform=PCD3D_SM6, Usage=LightingModel=MSM_DefaultLit, BlendMode=BLEND_Additive, SpecialEngine=0, TwoSided=0, TSNormal=1, Masked=0, Distorted=0, WritesEveryPixel=1, ModifiesMeshPosition=0, Usage={bUsedWithVolumetricCloud}, StaticSwitch'UseNoise32-1'=False"
"/Engine/EngineMaterials/DefaultTextMaterialOpaque.DefaultTextMaterialOpaque","49","21","0","23","23","Compiling DefaultTextMaterialOpaque: Platform=PCD3D_SM6, Usage=LightingModel=MSM_DefaultLit, BlendMode=BLEND_Masked, SpecialEngine=0, TwoSided=1, TSNormal=1, Masked=1, Distorted=0, WritesEveryPixel=0, ModifiesMeshPosition=0, Usage={}"
"/Game/Models/Mat_Drone.Mat_Drone","49","8","0","8","8","Compiling Mat_Drone: Platform=PCD3D_SM6, Usage=LightingModel=MSM_DefaultLit, BlendMode=BLEND_Opaque, SpecialEngine=0, TwoSided=0, TSNormal=1, Masked=0, Distorted=0, WritesEveryPixel=1, ModifiesMeshPosition=0, Usage={}"
"/Engine/VREditor/SnapGrid/SnapGridMaterial.SnapGridMaterial","49","18","0","18","18","Compiling SnapGridMaterial: Platform=PCD3D_SM6, Usage=LightingModel=MSM_Unlit, BlendMode=BLEND_Translucent, SpecialEngine=0, TwoSided=1, TSNormal=1, Masked=0, Distorted=0, WritesEveryPixel=1, ModifiesMeshPosition=0, Usage={bUsedWithStaticLighting,bUsedWithSplineMeshes}"
"/AudioWidgets/AudioMaterialSlate/M_AudioMaterialMeter.M_AudioMaterialMeter","49","15","0","15","15","Compiling M_AudioMaterialMeter: Platform=PCD3D_SM6, Usage=LightingModel=MSM_Unlit, BlendMode=BLEND_Translucent, SpecialEngine=0, TwoSided=0, TSNormal=1, Masked=0, Distorted=0, WritesEveryPixel=1, ModifiesMeshPosition=0, Usage={}"
"/AudioWidgets/AudioMaterialSlate/M_AudioMaterialRoundedSlider.M_AudioMaterialRoundedSlider","49","27","0","29","29","Compiling M_AudioMaterialRoundedSlider: Platform=PCD3D_SM6, Usage=LightingModel=MSM_Unlit, BlendMode=BLEND_Masked, SpecialEngine=0, TwoSided=0, TSNormal=1, Masked=1, Distorted=0, WritesEveryPixel=0, ModifiesMeshPosition=0, Usage={}"
"/AudioWidgets/AudioMaterialSlate/M_AudioMaterialEnvelope_ADSR.M_AudioMaterialEnvelope_ADSR","49","27","0","29","29","Compiling M_AudioMaterialEnvelope_ADSR: Platform=PCD3D_SM6, Usage=LightingModel=MSM_Unlit, BlendMode=BLEND_Masked, SpecialEngine=0, TwoSided=0, TSNormal=1, Masked=1, Distorted=0, WritesEveryPixel=0, ModifiesMeshPosition=0, Usage={}"
"/AudioWidgets/AudioMaterialSlate/M_AudioMaterialKnob.M_AudioMaterialKnob","49","15","0","15","15","Compiling M_AudioMaterialKnob: Platform=PCD3D_SM6, Usage=LightingModel=MSM_Unlit, BlendMode=BLEND_Translucent, SpecialEngine=0, TwoSided=0, TSNormal=1, Masked=0, Distorted=0, WritesEveryPixel=1, ModifiesMeshPosition=0, Usage={}, StaticSwitch'Use V2-1'=False"
"/AudioWidgets/AudioMaterialSlate/M_AudioMaterialToggleButton.M_AudioMaterialToggleButton","49","15","0","15","15","Compiling M_AudioMaterialToggleButton: Platform=PCD3D_SM6, Usage=LightingModel=MSM_Unlit, BlendMode=BLEND_Translucent, SpecialEngine=0, TwoSided=0, TSNormal=1, Masked=0, Distorted=0, WritesEveryPixel=1, ModifiesMeshPosition=0, Usage={}, StaticSwitch'Use V2-1'=False, StaticSwitch'Use V (B)2-1'=False"
"/Engine/EditorMaterials/PreviewShadowIndicatorMaterial.PreviewShadowIndicatorMaterial","49","67","0","67","67","Compiling PreviewShadowIndicatorMaterial: Platform=PCD3D_SM6, Usage=LightingModel=MSM_Unlit, BlendMode=BLEND_Opaque, SpecialEngine=0, TwoSided=0, TSNormal=1, Masked=0, Distorted=0, WritesEveryPixel=1, ModifiesMeshPosition=0, Usage={}"
"/Engine/EngineMaterials/DefaultPostProcessMaterial.DefaultPostProcessMaterial","49","9","0","9","9","Compiling DefaultPostProcessMaterial: Platform=PCD3D_SM6, Usage=LightingModel=MSM_Unlit, BlendMode=BLEND_Opaque, SpecialEngine=0, TwoSided=0, TSNormal=1, Masked=0, Distorted=0, WritesEveryPixel=1, ModifiesMeshPosition=0, Usage={bUsedWithSkeletalMesh,bUsedWithStaticLighting}"
"/Engine/EngineMaterials/DefaultDeferredDecalMaterial.DefaultDeferredDecalMaterial","49","40","0","40","40","Compiling DefaultDeferredDecalMaterial: Platform=PCD3D_SM6, Usage=LightingModel=MSM_DefaultLit, BlendMode=BLEND_Translucent, SpecialEngine=0, TwoSided=0, TSNormal=1, Masked=0, Distorted=0, WritesEveryPixel=1, ModifiesMeshPosition=0, Usage={bUsedWithSkeletalMesh,bUsedWithStaticLighting,bUsedWithSplineMeshes}"
"/Engine/EngineMaterials/WorldGridMaterial.WorldGridMaterial","49","993","0","1016","1016","Compiling WorldGridMaterial: Platform=PCD3D_SM6, Usage=LightingModel=MSM_DefaultLit, BlendMode=BLEND_Opaque, SpecialEngine=1, TwoSided=0, TSNormal=1, Masked=0, Distorted=0, WritesEveryPixel=1, ModifiesMeshPosition=0, Usage={}"
"/Engine/EngineSky/M_Sky_Panning_Clouds2.M_Sky_Panning_Clouds2","49","7","0","7","7","Compiling M_Sky_Panning_Clouds2: Platform=PCD3D_SM6, Usage=LightingModel=MSM_Unlit, BlendMode=BLEND_Opaque, SpecialEngine=0, TwoSided=0, TSNormal=1, Masked=0, Distorted=0, WritesEveryPixel=1, ModifiesMeshPosition=0, Usage={bUsedWithStaticLighting}"
"/Engine/EngineMaterials/PPM_DefaultCalibrationColor.PPM_DefaultCalibrationColor","49","7","0","7","7","Compiling PPM_DefaultCalibrationColor: Platform=PCD3D_SM6, Usage=LightingModel=MSM_Unlit, BlendMode=BLEND_Opaque, SpecialEngine=0, TwoSided=0, TSNormal=1, Masked=0, Distorted=0, WritesEveryPixel=1, ModifiesMeshPosition=0, Usage={}"
"/Engine/EngineMaterials/PPM_DefaultCalibrationGrayscale.PPM_DefaultCalibrationGrayscale","49","7","0","7","7","Compiling PPM_DefaultCalibrationGrayscale: Platform=PCD3D_SM6, Usage=LightingModel=MSM_Unlit, BlendMode=BLEND_Opaque, SpecialEngine=0, TwoSided=0, TSNormal=1, Masked=0, Distorted=0, WritesEveryPixel=1, ModifiesMeshPosition=0, Usage={}"
"/Engine/EngineMaterials/DefaultMaterial.DefaultMaterial","49","45","0","45","45","Compiling DefaultMaterial: Platform=PCD3D_SM6, Usage=LightingModel=MSM_DefaultLit, BlendMode=BLEND_Opaque, SpecialEngine=0, TwoSided=0, TSNormal=1, Masked=0, Distorted=0, WritesEveryPixel=1, ModifiesMeshPosition=0, Usage={bUsedWithSkeletalMesh,bUsedWithMeshParticles,bUsedWithStaticLighting,bUsedWithSplineMeshes,bUsedWithInstancedStaticMeshes,bUsedWithNiagaraSprites,bUsedWithNiagaraRibbons,bUsedWithNiagaraMeshParticles}"
"/SpeedTreeImporter/SpeedTree9/SpeedTreeBillboardMaster.SpeedTreeBillboardMaster","49","42","0","46","46","Compiling SpeedTreeBillboardMaster: Platform=PCD3D_SM6, Usage=LightingModel=MSM_TwoSidedFoliage, BlendMode=BLEND_Masked, SpecialEngine=0, TwoSided=0, TSNormal=1, Masked=1, Distorted=0, WritesEveryPixel=0, ModifiesMeshPosition=1, Usage={bUsedWithInstancedStaticMeshes}, StaticSwitch'SharedEnable2-1'=True"
"/SpeedTreeImporter/SpeedTree9/SpeedTreeMaster.SpeedTreeMaster","49","42","0","46","46","Compiling SpeedTreeMaster: Platform=PCD3D_SM6, Usage=LightingModel=MSM_TwoSidedFoliage, BlendMode=BLEND_Masked, SpecialEngine=0, TwoSided=1, TSNormal=1, Masked=1, Distorted=0, WritesEveryPixel=0, ModifiesMeshPosition=1, Usage={bUsedWithStaticLighting,bUsedWithInstancedStaticMeshes}, StaticSwitch'Branch1Enable2-1'=True, StaticSwitch'Branch2Enable2-1'=False, StaticSwitch'FlipBacksideNormals2-1'=True, StaticSwitch'HandleCameraFacing2-1'=False, StaticSwitch'HasBranch2Data_Internal2-1'=False, StaticSwitch'RippleEnable2-1'=True, StaticSwitch'RippleShimmerEnable2-1'=False, StaticSwitch'SharedEnable2-1'=True"
"/InterchangeAssets/gltf/M_SpecularGlossiness.M_SpecularGlossiness","49","29","0","29","29","Compiling M_SpecularGlossiness: Platform=PCD3D_SM6, Usage=LightingModel=MSM_DefaultLit, BlendMode=BLEND_Translucent, SpecialEngine=0, TwoSided=1, TSNormal=1, Masked=0, Distorted=0, WritesEveryPixel=1, ModifiesMeshPosition=0, Usage={bUsedWithSkeletalMesh}, StaticSwitch'bHasDiffuseSpecGlossTexture2-1'=True, StaticSwitch'bHasEmissiveTexture2-1'=True, StaticSwitch'bHasNormalTexture2-1'=True, StaticSwitch'bHasOcclusionTexture2-1'=True"
"/InterchangeAssets/gltf/M_SpecularGlossiness.M_SpecularGlossiness","49","11","0","11","11","Compiling M_SpecularGlossiness: Platform=PCD3D_SM6, Usage=LightingModel=MSM_DefaultLit, BlendMode=BLEND_Opaque, SpecialEngine=0, TwoSided=0, TSNormal=1, Masked=0, Distorted=0, WritesEveryPixel=1, ModifiesMeshPosition=0, Usage={bUsedWithSkeletalMesh}, StaticSwitch'bHasDiffuseSpecGlossTexture2-1'=True, StaticSwitch'bHasEmissiveTexture2-1'=True, StaticSwitch'bHasNormalTexture2-1'=True, StaticSwitch'bHasOcclusionTexture2-1'=True"
"/InterchangeAssets/gltf/M_SpecularGlossiness.M_SpecularGlossiness","49","37","0","41","41","Compiling M_SpecularGlossiness: Platform=PCD3D_SM6, Usage=LightingModel=MSM_DefaultLit, BlendMode=BLEND_Masked, SpecialEngine=0, TwoSided=1, TSNormal=1, Masked=1, Distorted=0, WritesEveryPixel=0, ModifiesMeshPosition=0, Usage={bUsedWithSkeletalMesh}, StaticSwitch'bHasDiffuseSpecGlossTexture2-1'=True, StaticSwitch'bHasEmissiveTexture2-1'=True, StaticSwitch'bHasNormalTexture2-1'=True, StaticSwitch'bHasOcclusionTexture2-1'=True"
"/InterchangeAssets/gltf/M_SpecularGlossiness.M_SpecularGlossiness","49","37","0","41","41","Compiling M_SpecularGlossiness: Platform=PCD3D_SM6, Usage=LightingModel=MSM_DefaultLit, BlendMode=BLEND_Masked, SpecialEngine=0, TwoSided=0, TSNormal=1, Masked=1, Distorted=0, WritesEveryPixel=0, ModifiesMeshPosition=0, Usage={bUsedWithSkeletalMesh}, StaticSwitch'bHasDiffuseSpecGlossTexture2-1'=True, StaticSwitch'bHasEmissiveTexture2-1'=True, StaticSwitch'bHasNormalTexture2-1'=True, StaticSwitch'bHasOcclusionTexture2-1'=True"
"/InterchangeAssets/gltf/M_SpecularGlossiness.M_SpecularGlossiness","49","17","0","19","19","Compiling M_SpecularGlossiness: Platform=PCD3D_SM6, Usage=LightingModel=MSM_DefaultLit, BlendMode=BLEND_Opaque, SpecialEngine=0, TwoSided=1, TSNormal=1, Masked=0, Distorted=0, WritesEveryPixel=1, ModifiesMeshPosition=0, Usage={bUsedWithSkeletalMesh}, StaticSwitch'bHasDiffuseSpecGlossTexture2-1'=True, StaticSwitch'bHasEmissiveTexture2-1'=True, StaticSwitch'bHasNormalTexture2-1'=True, StaticSwitch'bHasOcclusionTexture2-1'=True"
"/InterchangeAssets/gltf/M_SpecularGlossiness.M_SpecularGlossiness","49","25","0","25","25","Compiling M_SpecularGlossiness: Platform=PCD3D_SM6, Usage=LightingModel=MSM_DefaultLit, BlendMode=BLEND_Translucent, SpecialEngine=0, TwoSided=0, TSNormal=1, Masked=0, Distorted=0, WritesEveryPixel=1, ModifiesMeshPosition=0, Usage={bUsedWithSkeletalMesh}, StaticSwitch'bHasDiffuseSpecGlossTexture2-1'=True, StaticSwitch'bHasEmissiveTexture2-1'=True, StaticSwitch'bHasNormalTexture2-1'=True, StaticSwitch'bHasOcclusionTexture2-1'=True"
"/InterchangeAssets/gltf/M_Default.M_Default","49","13","0","15","15","Compiling M_Default: Platform=PCD3D_SM6, Usage=LightingModel=MSM_DefaultLit, BlendMode=BLEND_Opaque, SpecialEngine=0, TwoSided=0, TSNormal=1, Masked=0, Distorted=0, WritesEveryPixel=1, ModifiesMeshPosition=0, Usage={bUsedWithSkeletalMesh}, StaticSwitch'bHasAnisotropyTextureAndOrRotation2-1'=True, StaticSwitch'bHasBaseColorTexture2-1'=True, StaticSwitch'bHasEmissiveTexture2-1'=True, StaticSwitch'bHasIridescence2-1'=True, StaticSwitch'bHasMetallicRoughnessTexture2-1'=True, StaticSwitch'bHasNormalTexture2-1'=True, StaticSwitch'bHasOcclusionTexture2-1'=True, StaticSwitch'bHasSpecularTexture2-1'=True"
"/InterchangeAssets/gltf/M_Default.M_Default","49","39","0","45","45","Compiling M_Default: Platform=PCD3D_SM6, Usage=LightingModel=MSM_DefaultLit, BlendMode=BLEND_Masked, SpecialEngine=0, TwoSided=0, TSNormal=1, Masked=1, Distorted=0, WritesEveryPixel=0, ModifiesMeshPosition=0, Usage={bUsedWithSkeletalMesh}, StaticSwitch'bHasAnisotropyTextureAndOrRotation2-1'=True, StaticSwitch'bHasBaseColorTexture2-1'=True, StaticSwitch'bHasEmissiveTexture2-1'=True, StaticSwitch'bHasIridescence2-1'=True, StaticSwitch'bHasMetallicRoughnessTexture2-1'=True, StaticSwitch'bHasNormalTexture2-1'=True, StaticSwitch'bHasOcclusionTexture2-1'=True, StaticSwitch'bHasSpecularTexture2-1'=True"
"/InterchangeAssets/gltf/M_Default.M_Default","49","25","0","25","25","Compiling M_Default: Platform=PCD3D_SM6, Usage=LightingModel=MSM_DefaultLit, BlendMode=BLEND_Translucent, SpecialEngine=0, TwoSided=0, TSNormal=1, Masked=0, Distorted=0, WritesEveryPixel=1, ModifiesMeshPosition=0, Usage={bUsedWithSkeletalMesh}, StaticSwitch'bHasAnisotropyTextureAndOrRotation2-1'=True, StaticSwitch'bHasBaseColorTexture2-1'=True, StaticSwitch'bHasEmissiveTexture2-1'=True, StaticSwitch'bHasIridescence2-1'=True, StaticSwitch'bHasMetallicRoughnessTexture2-1'=True, StaticSwitch'bHasNormalTexture2-1'=True, StaticSwitch'bHasOcclusionTexture2-1'=True, StaticSwitch'bHasSpecularTexture2-1'=True"
"/InterchangeAssets/gltf/M_Default.M_Default","49","19","0","23","23","Compiling M_Default: Platform=PCD3D_SM6, Usage=LightingModel=MSM_DefaultLit, BlendMode=BLEND_Opaque, SpecialEngine=0, TwoSided=1, TSNormal=1, Masked=0, Distorted=0, WritesEveryPixel=1, ModifiesMeshPosition=0, Usage={bUsedWithSkeletalMesh}, StaticSwitch'bHasAnisotropyTextureAndOrRotation2-1'=True, StaticSwitch'bHasBaseColorTexture2-1'=True, StaticSwitch'bHasEmissiveTexture2-1'=True, StaticSwitch'bHasIridescence2-1'=True, StaticSwitch'bHasMetallicRoughnessTexture2-1'=True, StaticSwitch'bHasNormalTexture2-1'=True, StaticSwitch'bHasOcclusionTexture2-1'=True, StaticSwitch'bHasSpecularTexture2-1'=True"
"/InterchangeAssets/gltf/M_Default.M_Default","49","39","0","45","45","Compiling M_Default: Platform=PCD3D_SM6, Usage=LightingModel=MSM_DefaultLit, BlendMode=BLEND_Masked, SpecialEngine=0, TwoSided=1, TSNormal=1, Masked=1, Distorted=0, WritesEveryPixel=0, ModifiesMeshPosition=0, Usage={bUsedWithSkeletalMesh}, StaticSwitch'bHasAnisotropyTextureAndOrRotation2-1'=True, StaticSwitch'bHasBaseColorTexture2-1'=True, StaticSwitch'bHasEmissiveTexture2-1'=True, StaticSwitch'bHasIridescence2-1'=True, StaticSwitch'bHasMetallicRoughnessTexture2-1'=True, StaticSwitch'bHasNormalTexture2-1'=True, StaticSwitch'bHasOcclusionTexture2-1'=True, StaticSwitch'bHasSpecularTexture2-1'=True"
"/InterchangeAssets/gltf/M_Default.M_Default","49","29","0","29","29","Compiling M_Default: Platform=PCD3D_SM6, Usage=LightingModel=MSM_DefaultLit, BlendMode=BLEND_Translucent, SpecialEngine=0, TwoSided=1, TSNormal=1, Masked=0, Distorted=0, WritesEveryPixel=1, ModifiesMeshPosition=0, Usage={bUsedWithSkeletalMesh}, StaticSwitch'bHasAnisotropyTextureAndOrRotation2-1'=True, StaticSwitch'bHasBaseColorTexture2-1'=True, StaticSwitch'bHasEmissiveTexture2-1'=True, StaticSwitch'bHasIridescence2-1'=True, StaticSwitch'bHasMetallicRoughnessTexture2-1'=True, StaticSwitch'bHasNormalTexture2-1'=True, StaticSwitch'bHasOcclusionTexture2-1'=True, StaticSwitch'bHasSpecularTexture2-1'=True"
"/InterchangeAssets/gltf/M_ClearCoat.M_ClearCoat","49","13","0","15","15","Compiling M_ClearCoat: Platform=PCD3D_SM6, Usage=LightingModel=MSM_ClearCoat, BlendMode=BLEND_Opaque, SpecialEngine=0, TwoSided=0, TSNormal=1, Masked=0, Distorted=0, WritesEveryPixel=1, ModifiesMeshPosition=0, Usage={bUsedWithSkeletalMesh}, StaticSwitch'bHasAnisotropyTexture2-1'=True, StaticSwitch'bHasBaseColorTexture2-1'=True, StaticSwitch'bHasClearCoatTexture2-1'=True, StaticSwitch'bHasEmissiveTexture2-1'=True, StaticSwitch'bHasIridescence2-1'=True, StaticSwitch'bHasMetallicRoughnessTexture2-1'=True, StaticSwitch'bHasNormalTexture2-1'=True, StaticSwitch'bHasOcclusionTexture2-1'=True, StaticSwitch'bHasSpecularTexture2-1'=True"
"/InterchangeAssets/gltf/M_ClearCoat.M_ClearCoat","49","29","0","29","29","Compiling M_ClearCoat: Platform=PCD3D_SM6, Usage=LightingModel=MSM_ClearCoat, BlendMode=BLEND_Translucent, SpecialEngine=0, TwoSided=1, TSNormal=1, Masked=0, Distorted=0, WritesEveryPixel=1, ModifiesMeshPosition=0, Usage={bUsedWithSkeletalMesh}, StaticSwitch'bHasAnisotropyTexture2-1'=True, StaticSwitch'bHasBaseColorTexture2-1'=True, StaticSwitch'bHasClearCoatTexture2-1'=True, StaticSwitch'bHasEmissiveTexture2-1'=True, StaticSwitch'bHasIridescence2-1'=True, StaticSwitch'bHasMetallicRoughnessTexture2-1'=True, StaticSwitch'bHasNormalTexture2-1'=True, StaticSwitch'bHasOcclusionTexture2-1'=True, StaticSwitch'bHasSpecularTexture2-1'=True"
"/InterchangeAssets/gltf/M_ClearCoat.M_ClearCoat","49","19","0","23","23","Compiling M_ClearCoat: Platform=PCD3D_SM6, Usage=LightingModel=MSM_ClearCoat, BlendMode=BLEND_Opaque, SpecialEngine=0, TwoSided=1, TSNormal=1, Masked=0, Distorted=0, WritesEveryPixel=1, ModifiesMeshPosition=0, Usage={bUsedWithSkeletalMesh}, StaticSwitch'bHasAnisotropyTexture2-1'=True, StaticSwitch'bHasBaseColorTexture2-1'=True, StaticSwitch'bHasClearCoatTexture2-1'=True, StaticSwitch'bHasEmissiveTexture2-1'=True, StaticSwitch'bHasIridescence2-1'=True, StaticSwitch'bHasMetallicRoughnessTexture2-1'=True, StaticSwitch'bHasNormalTexture2-1'=True, StaticSwitch'bHasOcclusionTexture2-1'=True, StaticSwitch'bHasSpecularTexture2-1'=True"
"/InterchangeAssets/gltf/M_ClearCoat.M_ClearCoat","49","39","0","45","45","Compiling M_ClearCoat: Platform=PCD3D_SM6, Usage=LightingModel=MSM_ClearCoat, BlendMode=BLEND_Masked, SpecialEngine=0, TwoSided=0, TSNormal=1, Masked=1, Distorted=0, WritesEveryPixel=0, ModifiesMeshPosition=0, Usage={bUsedWithSkeletalMesh}, StaticSwitch'bHasAnisotropyTexture2-1'=True, StaticSwitch'bHasBaseColorTexture2-1'=True, StaticSwitch'bHasClearCoatTexture2-1'=True, StaticSwitch'bHasEmissiveTexture2-1'=True, StaticSwitch'bHasIridescence2-1'=True, StaticSwitch'bHasMetallicRoughnessTexture2-1'=True, StaticSwitch'bHasNormalTexture2-1'=True, StaticSwitch'bHasOcclusionTexture2-1'=True, StaticSwitch'bHasSpecularTexture2-1'=True"
"/InterchangeAssets/gltf/M_ClearCoat.M_ClearCoat","49","25","0","25","25","Compiling M_ClearCoat: Platform=PCD3D_SM6, Usage=LightingModel=MSM_ClearCoat, BlendMode=BLEND_Translucent, SpecialEngine=0, TwoSided=0, TSNormal=1, Masked=0, Distorted=0, WritesEveryPixel=1, ModifiesMeshPosition=0, Usage={bUsedWithSkeletalMesh}, StaticSwitch'bHasAnisotropyTexture2-1'=True, StaticSwitch'bHasBaseColorTexture2-1'=True, StaticSwitch'bHasClearCoatTexture2-1'=True, StaticSwitch'bHasEmissiveTexture2-1'=True, StaticSwitch'bHasIridescence2-1'=True, StaticSwitch'bHasMetallicRoughnessTexture2-1'=True, StaticSwitch'bHasNormalTexture2-1'=True, StaticSwitch'bHasOcclusionTexture2-1'=True, StaticSwitch'bHasSpecularTexture2-1'=True"
"/InterchangeAssets/gltf/M_ClearCoat.M_ClearCoat","49","39","0","45","45","Compiling M_ClearCoat: Platform=PCD3D_SM6, Usage=LightingModel=MSM_ClearCoat, BlendMode=BLEND_Masked, SpecialEngine=0, TwoSided=1, TSNormal=1, Masked=1, Distorted=0, WritesEveryPixel=0, ModifiesMeshPosition=0, Usage={bUsedWithSkeletalMesh}, StaticSwitch'bHasAnisotropyTexture2-1'=True, StaticSwitch'bHasBaseColorTexture2-1'=True, StaticSwitch'bHasClearCoatTexture2-1'=True, StaticSwitch'bHasEmissiveTexture2-1'=True, StaticSwitch'bHasIridescence2-1'=True, StaticSwitch'bHasMetallicRoughnessTexture2-1'=True, StaticSwitch'bHasNormalTexture2-1'=True, StaticSwitch'bHasOcclusionTexture2-1'=True, StaticSwitch'bHasSpecularTexture2-1'=True"
"/InterchangeAssets/gltf/M_Transmission.M_Transmission","49","25","0","25","25","Compiling M_Transmission: Platform=PCD3D_SM6, Usage=LightingModel=MSM_ThinTranslucent, BlendMode=BLEND_Translucent, SpecialEngine=0, TwoSided=0, TSNormal=1, Masked=0, Distorted=0, WritesEveryPixel=1, ModifiesMeshPosition=0, Usage={bUsedWithSkeletalMesh}, StaticSwitch'bHasAnisotropyTexture2-1'=True, StaticSwitch'bHasBaseColorTexture2-1'=True, StaticSwitch'bHasIridescence2-1'=True, StaticSwitch'bHasMetallicRoughnessTexture2-1'=True, StaticSwitch'bHasNormalTexture2-1'=True, StaticSwitch'bHasOcclusionTexture2-1'=True, StaticSwitch'bHasSpecularTexture2-1'=True, StaticSwitch'bHasTransmissionTexture2-1'=True"
"/InterchangeAssets/gltf/M_Transmission.M_Transmission","49","29","0","29","29","Compiling M_Transmission: Platform=PCD3D_SM6, Usage=LightingModel=MSM_ThinTranslucent, BlendMode=BLEND_Translucent, SpecialEngine=0, TwoSided=1, TSNormal=1, Masked=0, Distorted=0, WritesEveryPixel=1, ModifiesMeshPosition=0, Usage={bUsedWithSkeletalMesh}, StaticSwitch'bHasAnisotropyTexture2-1'=True, StaticSwitch'bHasBaseColorTexture2-1'=True, StaticSwitch'bHasIridescence2-1'=True, StaticSwitch'bHasMetallicRoughnessTexture2-1'=True, StaticSwitch'bHasNormalTexture2-1'=True, StaticSwitch'bHasOcclusionTexture2-1'=True, StaticSwitch'bHasSpecularTexture2-1'=True, StaticSwitch'bHasTransmissionTexture2-1'=True"
"/Engine/OpenWorldTemplate/LandscapeMaterial/M_ProcGrid.M_ProcGrid","49","13","0","13","13","Compiling M_ProcGrid: Platform=PCD3D_SM6, Usage=LightingModel=MSM_DefaultLit, BlendMode=BLEND_Opaque, SpecialEngine=0, TwoSided=0, TSNormal=1, Masked=0, Distorted=0, WritesEveryPixel=1, ModifiesMeshPosition=0, Usage={bUsedWithNanite}, StaticSwitch'Enable Side Tint2-1'=False, StaticSwitch'ObjectAligned2-1'=True, StaticSwitch'Tri-Planar (Or Uni-Planar)2-1'=True, StaticSwitch'Water Level Tint2-1'=False"
"/Engine/OpenWorldTemplate/LandscapeMaterial/M_ProcGrid.M_ProcGrid","49","13","0","13","13","Compiling M_ProcGrid: Platform=PCD3D_SM6, Usage=LightingModel=MSM_DefaultLit, BlendMode=BLEND_Opaque, SpecialEngine=0, TwoSided=0, TSNormal=1, Masked=0, Distorted=0, WritesEveryPixel=1, ModifiesMeshPosition=0, Usage={bUsedWithNanite}, StaticSwitch'Enable Side Tint2-1'=True, StaticSwitch'ObjectAligned2-1'=False, StaticSwitch'Tri-Planar (Or Uni-Planar)2-1'=False, StaticSwitch'Water Level Tint2-1'=True"
"/InterchangeAssets/gltf/M_Unlit.M_Unlit","49","64","0","68","68","Compiling M_Unlit: Platform=PCD3D_SM6, Usage=LightingModel=MSM_Unlit, BlendMode=BLEND_Masked, SpecialEngine=0, TwoSided=0, TSNormal=1, Masked=1, Distorted=0, WritesEveryPixel=0, ModifiesMeshPosition=0, Usage={bUsedWithSkeletalMesh,bUsedWithNanite}, StaticSwitch'bHasBaseColorTexture2-1'=True"
"/InterchangeAssets/gltf/M_Unlit.M_Unlit","49","19","0","19","19","Compiling M_Unlit: Platform=PCD3D_SM6, Usage=LightingModel=MSM_Unlit, BlendMode=BLEND_Translucent, SpecialEngine=0, TwoSided=0, TSNormal=1, Masked=0, Distorted=0, WritesEveryPixel=1, ModifiesMeshPosition=0, Usage={bUsedWithSkeletalMesh,bUsedWithNanite}, StaticSwitch'bHasBaseColorTexture2-1'=True"
"/InterchangeAssets/gltf/M_Unlit.M_Unlit","49","19","0","21","21","Compiling M_Unlit: Platform=PCD3D_SM6, Usage=LightingModel=MSM_Unlit, BlendMode=BLEND_Opaque, SpecialEngine=0, TwoSided=1, TSNormal=1, Masked=0, Distorted=0, WritesEveryPixel=1, ModifiesMeshPosition=0, Usage={bUsedWithSkeletalMesh,bUsedWithNanite}, StaticSwitch'bHasBaseColorTexture2-1'=True"
"/InterchangeAssets/gltf/M_Unlit.M_Unlit","49","64","0","68","68","Compiling M_Unlit: Platform=PCD3D_SM6, Usage=LightingModel=MSM_Unlit, BlendMode=BLEND_Masked, SpecialEngine=0, TwoSided=1, TSNormal=1, Masked=1, Distorted=0, WritesEveryPixel=0, ModifiesMeshPosition=0, Usage={bUsedWithSkeletalMesh,bUsedWithNanite}, StaticSwitch'bHasBaseColorTexture2-1'=True"
"/InterchangeAssets/gltf/M_Unlit.M_Unlit","49","23","0","23","23","Compiling M_Unlit: Platform=PCD3D_SM6, Usage=LightingModel=MSM_Unlit, BlendMode=BLEND_Translucent, SpecialEngine=0, TwoSided=1, TSNormal=1, Masked=0, Distorted=0, WritesEveryPixel=1, ModifiesMeshPosition=0, Usage={bUsedWithSkeletalMesh,bUsedWithNanite}, StaticSwitch'bHasBaseColorTexture2-1'=True"
"/InterchangeAssets/gltf/M_Unlit.M_Unlit","49","13","0","13","13","Compiling M_Unlit: Platform=PCD3D_SM6, Usage=LightingModel=MSM_Unlit, BlendMode=BLEND_Opaque, SpecialEngine=0, TwoSided=0, TSNormal=1, Masked=0, Distorted=0, WritesEveryPixel=1, ModifiesMeshPosition=0, Usage={bUsedWithSkeletalMesh,bUsedWithNanite}, StaticSwitch'bHasBaseColorTexture2-1'=True"
"/InterchangeAssets/gltf/M_Sheen.M_Sheen","49","37","0","41","41","Compiling M_Sheen: Platform=PCD3D_SM6, Usage=LightingModel=MSM_Cloth, BlendMode=BLEND_Masked, SpecialEngine=0, TwoSided=1, TSNormal=1, Masked=1, Distorted=0, WritesEveryPixel=0, ModifiesMeshPosition=0, Usage={bUsedWithSkeletalMesh}, StaticSwitch'bHasAnisotropyTexture2-1'=True, StaticSwitch'bHasBaseColorTexture2-1'=True, StaticSwitch'bHasEmissiveTexture2-1'=True, StaticSwitch'bHasIridescence2-1'=True, StaticSwitch'bHasMetallicRoughnessTexture2-1'=True, StaticSwitch'bHasNormalTexture2-1'=True, StaticSwitch'bHasOcclusionTexture2-1'=True, StaticSwitch'bHasSheenTexture2-1'=True, StaticSwitch'bHasSpecularTexture2-1'=True"
"/InterchangeAssets/gltf/M_Sheen.M_Sheen","49","29","0","29","29","Compiling M_Sheen: Platform=PCD3D_SM6, Usage=LightingModel=MSM_Cloth, BlendMode=BLEND_Translucent, SpecialEngine=0, TwoSided=1, TSNormal=1, Masked=0, Distorted=0, WritesEveryPixel=1, ModifiesMeshPosition=0, Usage={bUsedWithSkeletalMesh}, StaticSwitch'bHasAnisotropyTexture2-1'=True, StaticSwitch'bHasBaseColorTexture2-1'=True, StaticSwitch'bHasEmissiveTexture2-1'=True, StaticSwitch'bHasIridescence2-1'=True, StaticSwitch'bHasMetallicRoughnessTexture2-1'=True, StaticSwitch'bHasNormalTexture2-1'=True, StaticSwitch'bHasOcclusionTexture2-1'=True, StaticSwitch'bHasSheenTexture2-1'=True, StaticSwitch'bHasSpecularTexture2-1'=True"
"/InterchangeAssets/gltf/M_Sheen.M_Sheen","49","11","0","11","11","Compiling M_Sheen: Platform=PCD3D_SM6, Usage=LightingModel=MSM_Cloth, BlendMode=BLEND_Opaque, SpecialEngine=0, TwoSided=0, TSNormal=1, Masked=0, Distorted=0, WritesEveryPixel=1, ModifiesMeshPosition=0, Usage={bUsedWithSkeletalMesh}, StaticSwitch'bHasAnisotropyTexture2-1'=True, StaticSwitch'bHasBaseColorTexture2-1'=True, StaticSwitch'bHasEmissiveTexture2-1'=True, StaticSwitch'bHasIridescence2-1'=True, StaticSwitch'bHasMetallicRoughnessTexture2-1'=True, StaticSwitch'bHasNormalTexture2-1'=True, StaticSwitch'bHasOcclusionTexture2-1'=True, StaticSwitch'bHasSheenTexture2-1'=True, StaticSwitch'bHasSpecularTexture2-1'=True"
"/InterchangeAssets/gltf/M_Sheen.M_Sheen","49","37","0","41","41","Compiling M_Sheen: Platform=PCD3D_SM6, Usage=LightingModel=MSM_Cloth, BlendMode=BLEND_Masked, SpecialEngine=0, TwoSided=0, TSNormal=1, Masked=1, Distorted=0, WritesEveryPixel=0, ModifiesMeshPosition=0, Usage={bUsedWithSkeletalMesh}, StaticSwitch'bHasAnisotropyTexture2-1'=True, StaticSwitch'bHasBaseColorTexture2-1'=True, StaticSwitch'bHasEmissiveTexture2-1'=True, StaticSwitch'bHasIridescence2-1'=True, StaticSwitch'bHasMetallicRoughnessTexture2-1'=True, StaticSwitch'bHasNormalTexture2-1'=True, StaticSwitch'bHasOcclusionTexture2-1'=True, StaticSwitch'bHasSheenTexture2-1'=True, StaticSwitch'bHasSpecularTexture2-1'=True"
"/InterchangeAssets/gltf/M_Sheen.M_Sheen","49","25","0","25","25","Compiling M_Sheen: Platform=PCD3D_SM6, Usage=LightingModel=MSM_Cloth, BlendMode=BLEND_Translucent, SpecialEngine=0, TwoSided=0, TSNormal=1, Masked=0, Distorted=0, WritesEveryPixel=1, ModifiesMeshPosition=0, Usage={bUsedWithSkeletalMesh}, StaticSwitch'bHasAnisotropyTexture2-1'=True, StaticSwitch'bHasBaseColorTexture2-1'=True, StaticSwitch'bHasEmissiveTexture2-1'=True, StaticSwitch'bHasIridescence2-1'=True, StaticSwitch'bHasMetallicRoughnessTexture2-1'=True, StaticSwitch'bHasNormalTexture2-1'=True, StaticSwitch'bHasOcclusionTexture2-1'=True, StaticSwitch'bHasSheenTexture2-1'=True, StaticSwitch'bHasSpecularTexture2-1'=True"
"/InterchangeAssets/gltf/M_Sheen.M_Sheen","49","17","0","19","19","Compiling M_Sheen: Platform=PCD3D_SM6, Usage=LightingModel=MSM_Cloth, BlendMode=BLEND_Opaque, SpecialEngine=0, TwoSided=1, TSNormal=1, Masked=0, Distorted=0, WritesEveryPixel=1, ModifiesMeshPosition=0, Usage={bUsedWithSkeletalMesh}, StaticSwitch'bHasAnisotropyTexture2-1'=True, StaticSwitch'bHasBaseColorTexture2-1'=True, StaticSwitch'bHasEmissiveTexture2-1'=True, StaticSwitch'bHasIridescence2-1'=True, StaticSwitch'bHasMetallicRoughnessTexture2-1'=True, StaticSwitch'bHasNormalTexture2-1'=True, StaticSwitch'bHasOcclusionTexture2-1'=True, StaticSwitch'bHasSheenTexture2-1'=True, StaticSwitch'bHasSpecularTexture2-1'=True"
